No.,ID,Nội thành/Ngoại thành,Location,AirDistrict,AirVsOtherDistrict,AirCity,AirCityVsClosedCity,AirCityVsSouthCity,AirDistrictVsPast,AirCityVsPast,MorePolluted,AirPollutionCause,AirSatisfaction,AirCurrent,AirWish,PollutionConcern,UncomfortableThings,ImpactDegree,HowImpact,AirDisease,AirPrevention,OwnedAirPurifier,TravelToAvoid,HomeToAvoid,MoveCity,MoveCountry,UrgentToSolve,AirForecastNecessary,IsAwareInter,IsAwareVietnam,AirProtectSatisfaction,AirProtectCurrent,AirProtectWish,AirSolution,AgeGroup,Gender,Education,IsMainInHouse,WorkingPlace,NumHouse,NumHouseMan,NumHouseWoman,IncomeRegular,IncomeNotRegular,DoAgree,IsVoluntary,WTP,PayingMethod,VoluntaryTime,CertaintyDegree,TotalIncome
1,DD01,1,Dong Da,3,1,4,4,4,3,3,1,34,3,70,90,1,1,2,2,2,2,0,0,0,0,0,3,2,0,0,3,70,100,7,6,0,4,0,1,7,3,4,,,1,1,30000,0,5,8,0
2,DD02,1,Dong Da,4,1,4,3,3,3,3,1,1234,3,60,90,3,3,2,3,0,4,0,0,0,0,0,2,2,0,0,3,60,90,245,2,1,4,0,1,4,2,2,20,0,1,1,50000,1,11,9,20
3,DD03,1,Dong Da,4,1,4,3,4,3,3,1,3456,2,30,100,3,3,2,3,1,4,0,0,0,0,0,2,2,0,0,3,50,100,245,2,1,4,0,0,4,2,2,20,0,2,4,,,,9,20
4,DD04,1,Dong Da,2,0,2,2,1,1,3,1,34,2,40,90,3,1,2,3,1,24,0,0,0,0,0,3,2,0,0,3,50,80,45,6,1,2,1,1,5,2,3,30,0,1,1,10000,1,2,8,30
5,DD05,1,Dong Da,3,1,4,3,3,3,3,1,1345,2,30,80,1,3,1,234,0,34,0,0,1,0,0,2,2,0,0,2,30,80,245,2,0,4,0,1,5,2,3,,,1,1,30000,0,,10,0
6,DD06,1,Dong Da,2,1,4,3,4,3,3,1,34,4,90,100,3,1,3,0,0,3,0,0,0,0,0,3,3,0,0,3,60,80,24,5,1,2,1,0,5,3,2,50,0,3,4,,,,8,50
7,DD07,1,Dong Da,4,1,4,3,3,3,3,1,34,2,50,70,3,3,2,3,0,34,0,0,1,0,0,2,2,1,1,2,30,50,245,3,1,5,1,1,4,2,2,30,0,2,4,,,,9,30
8,DD08,1,Dong Da,2,1,3,4,4,2,3,1,123,4,70,90,2,1,2,24,0,34,0,0,0,1,0,2,2,0,0,3,60,90,257,2,1,2,0,0,4,2,2,20,0,1,1,10000,1,11,7,20
9,DD09,1,Dong Da,4,1,4,3,4,3,3,1,357,2,40,80,2,1,2,1,2,24,0,0,0,0,0,2,2,0,1,3,50,90,15,4,1,2,1,0,3,2,1,,,1,1,50000,0,9,8,0
10,DD10,1,Dong Da,3,1,4,3,3,3,3,1,1235,2,10,80,2,3,2,1,1,4,0,1,0,0,0,2,1,1,1,2,50,90,257,3,0,4,0,1,4,2,2,15,20,1,1,50000,1,5,10,35
11,DD11,1,Dong Da,3,1,3,3,3,3,3,1,346,3,60,80,1,1,2,3,1,34,0,0,0,0,0,3,2,0,1,4,80,80,124,2,0,3,0,1,3,1,2,15,0,3,4,,,,10,15
12,DD12,1,Dong Da,3,0,3,3,4,3,3,1,17,3,40,80,1,1,1,1,1,0,0,0,0,1,0,3,1,1,1,3,40,90,123,6,1,4,1,1,5,3,2,50,0,1,1,20000,1,11,8,50
13,DD14,1,Dong Da,3,1,3,3,1,2,2,1,13,4,70,90,1,1,2,1,1,2,0,0,0,1,0,2,2,0,1,3,50,80,24,3,1,4,1,1,4,1,3,40,0,2,4,,,,8,40
14,DD15,1,Dong Da,4,1,4,3,4,3,3,1,12345,2,30,70,2,1,2,123,1,4,0,0,0,0,0,1,1,0,0,2,20,80,24567,2,0,4,0,1,5,3,2,20,0,1,1,50000,0,11,9,20
15,DD16,1,Dong Da,3,1,4,4,4,2,3,1,34,3,60,80,2,1,3,0,0,2,0,0,0,0,0,2,2,0,0,4,80,100,25,2,1,2,1,1,2,1,1,10,0,1,1,150000,1,11,8,10
16,DD17,1,Dong Da,5,1,5,3,3,3,3,1,3,2,40,70,3,3,2,123,0,234,1,1,0,0,0,1,1,1,1,2,40,80,45,3,1,4,1,1,4,2,2,70,0,1,1,150000,0,11,8,70
17,DD18,1,Dong Da,3,1,4,3,4,3,3,1,123,3,50,100,1,1,2,3,0,24,0,0,1,0,0,2,1,0,0,3,50,100,45,3,0,4,0,1,5,2,3,30,0,2,4,,,,8,30
18,DD19,1,Dong Da,3,1,4,4,4,3,3,1,1236,4,60,90,1,1,2,23,0,4,0,0,0,0,0,1,1,0,0,4,70,100,245,3,1,4,1,0,2,1,1,30,0,8,4,,,,9,30
19,DD20,1,Dong Da,4,1,4,3,4,3,3,1,134,2,20,70,3,1,2,3,1,34,0,0,0,0,0,2,1,0,0,2,30,60,245,2,0,4,0,1,4,1,3,40,0,1,1,5000,1,6,8,40
20,DD21,1,Dong Da,3,1,4,3,4,3,3,1,13,3,50,80,2,1,2,2,2,24,0,0,0,0,0,1,1,1,,3,40,90,12,3,0,4,0,1,4,1,3,20,0,1,1,50000,0,11,8,20
21,DD22,1,Dong Da,3,1,4,3,4,3,3,1,1345,2,20,80,2,1,2,23,0,34,0,0,0,0,0,1,2,0,0,2,20,80,245,3,0,2,1,1,2,0,2,10,0,1,1,50000,0,2,9,10
22,DD23,1,Dong Da,4,1,4,3,4,3,3,1,4,3,60,80,3,1,2,13,1,234,0,1,0,0,0,3,2,1,1,4,70,80,25,4,1,4,1,1,4,2,2,30,0,1,1,200000,1,2,10,30
23,DD24,1,Dong Da,3,0,4,2,4,2,2,1,0,3,50,100,3,1,3,0,0,0,0,0,0,0,0,3,1,0,1,3,50,100,147,4,0,1,0,1,4,2,2,20,0,2,4,,,,9,20
24,DD26,1,Dong Da,4,1,4,3,4,3,3,1,34,3,60,100,3,2,2,23,2,0,0,0,0,0,0,2,2,0,1,3,60,100,57,3,1,1,1,0,4,2,2,10,0,1,1,30000,0,11,8,10
25,DD27,1,Dong Da,4,1,4,3,1,3,3,1,345,2,40,80,1,3,1,123,1,34,0,0,0,0,0,1,2,1,1,1,30,80,145,4,1,4,1,1,4,2,2,20,0,1,1,30000,0,11,10,20
26,DD28,1,Dong Da,4,1,5,3,3,3,3,1,34,2,30,60,1,1,2,4,1,345,0,0,0,0,0,1,2,0,1,4,70,100,12357,3,0,4,1,1,4,2,2,30,0,1,1,30000,0,11,9,30
27,DD29,1,Dong Da,5,1,4,3,3,3,3,1,34,1,20,100,1,3,1,2,1,34,0,0,0,0,0,2,2,1,1,2,40,100,24,3,0,3,0,1,6,2,4,40,0,1,1,50000,0,1,10,40
28,DD30,1,Dong Da,5,1,5,3,2,3,3,1,34,2,30,90,1,3,1,1234,1,234,0,1,1,0,0,1,1,0,1,2,20,90,12457,3,1,5,0,1,5,2,3,,,1,6,,,,10,0
29,DD31,1,Dong Da,4,1,4,4,4,3,3,1,234,2,30,100,1,3,2,23,0,4,0,0,0,0,0,2,2,0,0,3,40,100,127,5,0,3,0,1,5,2,3,,,2,4,,,,8,0
30,DD32,1,Dong Da,5,1,5,3,3,3,3,1,34,2,40,100,3,3,2,123,1,34,0,0,0,0,0,2,2,1,1,3,50,100,24,3,1,4,1,1,4,1,3,50,0,1,1,50000,1,11,10,50
31,DD33,1,Dong Da,4,1,3,3,4,3,3,1,234,4,70,90,2,3,2,1,0,34,0,0,0,0,1,2,2,0,1,3,60,90,245,2,0,4,0,1,6,3,3,60,0,1,1,30000,1,3,9,60
32,DD34,1,Dong Da,3,1,3,3,3,1,3,1,1234,3,60,80,2,1,2,34,0,2,0,1,0,0,0,3,3,0,1,3,50,80,123457,6,1,1,1,1,14,7,7,80,0,1,1,50000,1,11,8,80
33,DD35,1,Dong Da,4,1,4,4,4,3,3,1,1234,3,40,70,2,1,2,5,0,2345,0,0,1,0,0,2,2,0,1,4,70,90,124567,2,1,4,0,1,4,3,1,20,0,1,1,5000,0,11,8,20
34,DD36,1,Dong Da,4,1,4,3,4,3,3,1,13,2,30,100,3,3,2,12,1,4,0,0,0,0,0,2,2,0,0,3,50,100,25,2,0,4,0,1,3,1,2,40,0,3,5,,,,8,40
35,DD37,1,Dong Da,3,1,4,3,4,3,3,1,123,2,30,90,1,1,3,0,0,24,0,0,0,0,0,1,1,0,1,3,50,100,25,2,0,4,0,1,3,2,1,40,0,1,1,30000,0,5,7,40
36,DD38,1,Dong Da,4,1,4,3,2,3,3,1,1234,3,60,80,3,1,2,24,0,34,0,0,0,1,0,3,3,0,0,4,80,90,147,2,1,4,0,1,5,2,3,40,0,1,1,50000,0,11,8,40
37,DD39,1,Dong Da,4,1,4,4,2,3,3,1,1234,3,40,70,2,3,1,12,1,234,0,0,0,0,0,1,1,0,1,2,30,80,123567,4,0,4,0,1,4,2,2,50,0,1,1,100000,1,11,9,50
38,DD40,1,Dong Da,4,1,5,3,3,3,3,1,37,1,10,80,2,3,2,23,0,24,0,0,1,0,0,1,1,0,0,3,40,100,12457,2,0,4,0,0,4,2,2,40,0,1,1,10000,1,11,10,40
39,DD41,1,Dong Da,4,1,4,4,4,3,3,1,134,2,30,70,2,3,2,1,1,4,0,0,0,0,0,3,2,0,0,2,40,60,245,2,1,4,0,1,2,1,1,15,0,1,1,30000,0,3,9,15
40,DD42,1,Dong Da,4,1,4,4,1,3,3,1,123,2,30,60,2,1,1,124,1,34,0,0,0,0,0,1,1,0,1,2,30,60,1235,5,1,4,1,1,4,2,2,30,0,1,1,50000,0,11,9,30
41,DD43,1,Dong Da,3,1,4,4,4,3,3,1,1234,2,30,60,2,3,2,34,0,234,0,0,0,0,0,1,1,0,1,3,40,60,123457,4,1,1,1,1,5,1,4,20,0,1,1,50000,1,11,9,20
42,DD44,1,Dong Da,3,1,4,3,3,3,3,1,14,1,20,100,1,3,2,45,0,24,0,0,1,0,0,1,1,0,0,2,40,100,45,2,0,4,0,1,4,2,2,,,1,1,20000,1,11,9,0
43,DD45,1,Dong Da,3,1,4,3,3,3,3,1,234,3,70,100,1,1,3,0,2,4,0,0,1,0,0,2,2,0,0,3,70,100,245,2,0,4,0,1,3,2,1,20,5,2,4,,,,9,25
44,DD46,1,Dong Da,3,1,3,3,3,3,3,1,1234,2,50,80,1,3,2,1,1,34,1,1,0,1,0,2,2,1,1,3,50,80,1457,2,0,3,0,1,4,2,2,,,1,1,100000,1,9,10,0
45,DD47,1,Dong Da,4,1,4,3,2,3,3,1,1345,2,60,90,1,3,2,234,2,24,0,0,1,0,0,1,2,0,1,2,40,100,245,2,0,2,0,1,4,2,2,,,1,1,250000,0,3,8,0
46,DD48,1,Dong Da,5,1,5,3,4,3,3,1,12347,1,10,100,1,1,1,3,1,45,0,0,0,0,0,1,1,0,0,3,50,100,124567,3,1,2,1,1,5,2,3,100,0,1,1,10000,0,9,9,100
47,DD49,1,Dong Da,5,1,5,3,4,3,3,1,1245,1,20,100,2,3,1,23,0,4,0,0,1,0,0,1,2,0,0,1,20,100,25,3,1,2,1,0,4,1,3,30,0,1,1,200000,1,5,10,30
48,DD50,1,Dong Da,5,1,5,3,1,3,3,1,34,1,10,100,1,3,1,1,1,2,0,1,0,0,0,1,1,0,1,2,30,100,12457,3,0,3,0,1,5,2,3,30,0,1,1,5000,0,9,9,30
49,DD51,1,Dong Da,4,1,4,3,2,3,3,1,1346,2,30,90,2,3,1,13,0,3,0,1,1,0,1,1,1,0,1,2,20,90,1257,4,1,4,1,1,3,2,1,20,0,1,1,200000,1,8,7,20
50,DD53,1,Dong Da,3,1,4,3,3,3,3,1,12456,1,10,70,2,3,3,0,0,23,0,0,1,1,1,2,1,1,1,2,20,80,2456,2,0,4,0,1,6,2,4,100,5,1,1,100000,0,11,8,105
51,DD54,1,Dong Da,4,1,4,3,3,3,3,1,34,3,40,80,2,3,2,4,1,3,0,1,1,0,0,2,2,0,0,3,40,80,1256,2,1,4,0,1,3,2,1,15,0,1,1,500000,1,11,8,15
52,BD01,1,Ba Dinh,4,1,3,3,3,3,3,1,345,3,50,80,3,3,2,34,2,4,0,0,0,0,0,2,2,0,0,3,60,90,124567,3,1,4,1,1,3,2,1,20,0,1,1,100000,1,10,9,20
53,BD02,1,Ba Dinh,3,1,3,3,4,3,3,1,134,3,50,80,2,3,2,1234,0,4,0,0,1,0,0,1,2,0,0,4,60,80,12457,6,0,2,0,1,4,2,2,20,0,1,1,10000,0,5,8,20
54,BD03,1,Ba Dinh,3,1,3,3,3,3,3,1,1345,3,60,80,2,3,2,1,1,234,0,0,1,0,0,1,1,1,1,2,40,70,1247,3,0,2,0,1,4,2,2,,,1,1,30000,1,1,7,0
55,BD04,1,Ba Dinh,3,0,4,3,2,3,3,1,12345,2,50,80,2,3,2,34,1,34,0,0,1,0,0,2,2,0,0,2,40,70,134567,3,1,2,1,1,3,2,1,,,1,1,50000,0,1,7,0
56,BD05,1,Ba Dinh,4,1,4,3,2,3,3,1,12345,2,50,80,1,3,2,3,0,34,0,0,1,0,0,1,2,1,1,2,45,70,123456,2,0,4,0,1,5,2,3,,,1,1,30000,1,1,8,0
57,BD06,1,Ba Dinh,3,1,4,3,3,3,3,1,134,2,40,70,2,3,2,13,0,234,0,0,0,0,0,2,2,0,0,2,50,75,12356,4,0,3,0,1,4,2,2,,,1,1,30000,1,1,8,0
58,BD07,1,Ba Dinh,3,1,4,3,3,3,3,1,13456,2,40,70,1,3,2,1234,2,4,0,1,1,0,0,1,1,0,1,1,45,80,12457,2,0,4,0,1,3,1,2,,,1,1,10000,1,5,5,0
59,BD08,1,Ba Dinh,4,1,5,3,2,3,3,1,134,3,50,80,1,3,1,1,2,4,0,1,0,0,0,1,1,1,1,3,40,70,247,2,1,4,0,1,4,2,2,10,8,1,1,50000,1,11,9,18
60,BD09,1,Ba Dinh,3,1,5,3,2,3,3,1,134,2,50,80,1,3,1,1,2,4,0,1,0,0,0,1,1,1,1,3,45,75,2457,2,1,4,0,1,7,2,5,40,0,1,1,50000,1,11,9,40
61,BD10,1,Ba Dinh,3,1,4,3,3,3,3,1,135,3,50,80,2,3,2,13,1,24,0,0,0,0,0,2,2,1,1,3,40,70,123567,4,0,3,0,1,5,3,2,20,0,1,1,30000,1,1,8,20
62,BD11,1,Ba Dinh,4,1,5,3,3,2,3,1,346,1,40,80,1,3,2,3,2,4,0,0,0,0,0,1,1,1,0,3,50,80,3457,1,0,2,0,1,4,2,2,,,1,1,100000,1,11,10,0
63,BD12,1,Ba Dinh,4,0,4,3,3,3,3,1,134,3,50,80,1,3,2,3,2,24,0,0,1,0,0,2,1,0,0,3,60,75,37,3,0,2,0,1,5,2,3,,,1,1,100000,1,11,10,0
64,BD13,1,Ba Dinh,3,1,4,3,2,3,3,1,1234,3,68,85,3,3,2,234,0,4,1,0,1,0,0,2,1,1,1,3,49,90,57,1,1,2,0,0,4,2,2,,,1,1,50000,1,1,8,0
65,BD14,1,Ba Dinh,4,1,4,3,2,3,3,1,346,2,40,80,1,3,2,4,1,4,,,1,,1,1,1,1,1,3,50,80,134567,1,0,2,0,0,3,2,1,,,1,1,50000,1,5,7,0
66,BD15,1,Ba Dinh,3,1,4,3,2,3,3,1,1234,4,70,80,2,3,2,234,0,4,0,0,1,0,0,2,2,1,1,3,65,70,357,1,1,2,0,1,4,3,1,,,1,1,200000,1,3,9,0
67,BD16,1,Ba Dinh,3,1,3,3,4,3,3,1,1345,2,40,60,1,3,1,134,1,4,0,0,0,0,0,1,1,1,1,2,40,80,12567,1,0,2,0,1,3,1,2,,,1,1,100000,1,11,6,0
68,BD17,1,Ba Dinh,3,1,3,3,4,3,3,1,234,3,60,100,2,3,2,134,1,4,0,0,0,0,0,2,2,0,0,2,40,100,24567,1,0,5,0,1,3,1,2,,,1,1,50000,1,11,7,0
69,BD19,1,Ba Dinh,4,1,4,2,2,3,3,1,23,2,40,85,1,3,1,1,1,4,0,0,0,0,0,2,2,0,0,2,40,85,57,4,0,2,0,0,3,2,1,8,0,1,1,50000,0,11,7,8
70,BD21,1,Ba Dinh,2,1,4,3,2,3,3,1,2346,2,50,85,2,3,2,2,1,3,0,0,0,1,0,2,2,0,0,3,50,90,24,2,1,4,0,1,4,3,1,,,1,1,30000,1,10,7,0
71,BD22,1,Ba Dinh,4,1,3,3,4,3,3,1,1234,2,40,85,2,3,3,0,0,24,0,0,1,0,0,3,1,0,0,2,25,85,24,5,1,4,1,1,4,3,1,15,0,4,5,,,,,15
72,BD23,1,Ba Dinh,3,1,4,3,3,3,3,1,12345,2,40,70,1,3,1,1234,1,4,0,0,0,0,0,1,2,0,0,3,60,90,123457,2,0,2,0,1,3,2,1,15,0,1,1,30000,1,10,10,15
73,BD24,1,Ba Dinh,4,0,4,3,4,3,3,1,23,3,50,80,2,3,3,0,0,4,0,0,0,0,0,2,2,1,1,3,50,90,24,2,0,4,0,1,6,3,3,,,1,1,300000,1,2,10,0
74,BD25,1,Ba Dinh,3,1,4,3,4,3,3,0,2346,2,40,90,3,3,3,0,0,0,0,0,0,0,0,2,2,0,0,2,40,90,134,6,1,6,1,1,2,1,1,30,0,1,6,,,,8,30
75,BD26,1,Ba Dinh,4,0,4,3,2,3,3,1,1234,3,50,70,3,3,2,1234,1,4,0,0,0,0,0,3,3,0,0,3,50,70,123456,2,1,4,0,0,1,1,0,15,0,,6,,,,,15
76,BD27,1,Ba Dinh,3,1,3,3,2,3,3,1,12345,2,37,80,1,3,1,1,2,4,0,1,0,0,0,2,2,1,1,4,65,95,1467,2,1,4,0,0,5,2,3,30,0,1,1,100000,,11,6,30
77,BD28,1,Ba Dinh,3,0,4,3,4,3,3,1,1345,2,40,80,1,3,1,4,2,2,0,0,0,0,0,1,1,0,0,3,50,80,12457,3,0,4,0,0,5,2,3,,,4,6,,,,8,0
78,BD29,1,Ba Dinh,3,1,3,3,4,3,3,1,3456,2,40,80,2,1,2,134,2,3,0,0,1,0,0,2,2,0,1,3,50,80,12457,5,1,4,0,0,5,1,4,,,4,6,,,,,0
79,BD30,1,Ba Dinh,4,0,4,3,2,3,3,1,2,1,0,100,1,3,1,4,1,0,0,0,0,0,1,1,1,1,0,1,20,100,124567,3,0,2,0,1,4,2,2,20,3,1,1,50000,1,11,10,23
80,BD31,1,Ba Dinh,3,1,4,3,1,3,3,1,3,3,60,85,3,3,2,4,0,0,0,0,1,0,0,2,2,0,0,3,40,85,25,5,1,3,1,0,4,2,2,,,1,1,50000,,11,9,0
81,BD32,1,Ba Dinh,4,1,4,3,3,1,3,1,123456,3,50,50,2,3,2,23,1,2,0,0,1,0,0,1,1,0,1,3,50,50,1457,4,1,4,1,1,3,2,1,50,0,4,5,,,,8,50
82,BD33,1,Ba Dinh,5,1,5,3,3,3,3,1,4,2,40,70,2,3,1,3,0,234,0,1,1,1,0,1,1,0,0,3,50,70,7,5,1,4,1,1,5,2,3,,,1,1,30000,0,11,7,0
83,BD34,1,Ba Dinh,5,1,4,3,4,3,3,1,3,4,70,100,2,1,1,4,0,4,0,1,0,1,0,2,1,1,0,,,,4,4,1,2,1,0,4,2,2,50,0,1,1,200000,0,11,10,50
84,BD35,1,Ba Dinh,4,1,4,3,4,3,3,1,134,2,40,80,2,1,2,1,1,24,0,1,1,1,0,2,1,0,0,1,0,100,247,2,1,1,0,0,8,5,3,,,1,1,30000,1,5,7,0
85,BD36,1,Ba Dinh,4,1,4,3,3,3,3,1,4,4,70,90,2,1,2,4,0,34,0,1,1,1,0,2,2,0,0,4,70,90,4,2,1,2,0,1,1,1,0,8,0,1,1,100000,0,11,9,8
86,BD38,1,Ba Dinh,3,1,4,3,1,3,3,1,2345,3,60,80,2,3,2,34,1,24,1,0,0,0,0,2,1,1,1,3,50,80,1467,4,1,4,1,1,2,1,1,20,0,1,1,500000,0,10,10,20
87,BD39,1,Ba Dinh,3,1,2,3,3,3,3,1,1234,1,65,85,1,3,1,1234,2,23,0,1,1,0,0,1,1,1,1,2,65,85,124567,4,1,4,1,1,6,4,2,30,0,1,1,1000000,1,11,10,30
88,BD40,1,Ba Dinh,3,1,4,3,3,3,3,1,34,2,55,80,2,3,2,234,2,234,0,0,0,0,0,2,1,1,1,3,60,80,1457,2,0,4,0,,5,0,5,15,0,1,1,30000,0,10,7,15
89,BD41,1,Ba Dinh,3,1,4,3,3,3,3,1,34,2,40,80,1,3,1,134,2,23,1,1,1,0,0,2,2,1,1,3,60,80,1345,3,0,4,0,1,3,1,2,30,0,1,1,50000,0,10,8,30
90,BD42,1,Ba Dinh,4,1,4,3,4,3,3,1,134,2,30,90,2,3,2,4,1,234,1,0,0,0,0,1,1,0,0,3,40,90,1245,3,0,4,0,1,4,2,2,50,0,1,1,30000,1,10,9,50
91,BD43,1,Ba Dinh,4,1,4,3,2,3,3,1,234,3,40,80,2,3,1,34,2,234,1,0,0,0,0,2,1,0,0,3,50,85,145,3,0,5,0,1,3,2,1,40,0,1,1,30000,1,11,10,40
92,BD44,1,Ba Dinh,4,1,4,3,3,3,3,1,234,2,30,85,2,3,2,14,1,24,0,0,0,0,0,2,2,0,0,3,40,80,1245,5,1,3,0,1,5,3,2,,,1,1,50000,0,11,8,0
93,BD45,1,Ba Dinh,4,1,4,3,4,3,3,1,1234,2,30,90,2,3,2,134,2,4,0,0,0,0,0,2,2,0,0,2,40,90,1457,4,0,2,0,1,4,1,3,50,0,1,1,30000,1,11,10,50
94,BD46,1,Ba Dinh,3,1,3,3,2,3,3,1,34,3,40,80,1,3,2,4,2,24,1,0,0,0,0,2,2,0,0,3,40,80,45,2,1,2,1,1,5,2,3,40,3,1,1,50000,1,11,9,43
95,BD47,1,Ba Dinh,5,1,4,3,2,3,3,1,123456,2,20,85,2,3,1,34,1,24,0,0,0,0,0,2,1,1,1,3,40,80,1245,2,0,4,0,1,4,1,3,,,1,1,50000,1,11,10,0
96,BD48,1,Ba Dinh,3,1,3,3,4,3,3,1,346,3,55,85,2,3,2,3,0,34,0,0,1,0,0,2,2,0,1,3,60,85,1357,2,1,4,1,1,2,2,0,15,0,1,1,50000,0,11,8,15
97,BD49,1,Ba Dinh,3,1,4,3,3,2,3,1,3,2,50,90,2,3,2,1234,0,34,0,0,0,0,0,2,2,1,1,3,60,90,1457,2,1,4,1,1,1,1,0,10,0,1,1,50000,0,10,7,10
98,BD50,1,Ba Dinh,3,1,3,3,4,3,3,1,123456,3,55,80,2,3,2,234,0,34,0,0,1,0,0,2,2,0,1,3,60,80,1357,2,0,4,0,0,3,1,2,,,1,1,10000,1,10,8,0
99,BD51,1,Ba Dinh,3,1,4,3,4,3,3,1,346,3,60,90,2,3,2,3,0,234,0,0,1,0,0,2,1,1,1,3,65,90,1457,2,0,4,0,0,3,0,3,20,0,1,1,30000,0,10,8,20
100,BD52,1,Ba Dinh,3,1,4,3,4,2,3,1,347,3,60,85,2,3,2,3,0,34,0,1,1,0,0,1,2,0,1,3,70,85,13467,2,1,4,1,1,2,2,0,15,0,1,1,50000,1,11,8,15
101,HBT99,1,Hai Ba Trung,3,1,4,2,4,3,3,1,1346,2,50,90,1,1,1,14,2,23,1,0,0,0,0,1,1,1,1,2,60,100,3457,3,1,5,1,0,5,3,2,,,1,1,100000,0,11,8,0
102,HBT98,1,Hai Ba Trung,4,1,4,3,3,3,3,1,34,2,15,70,1,1,1,1234,0,24,0,0,0,1,0,1,1,1,1,1,20,70,17,2,1,4,0,,5,3,2,30,30,1,1,50000,0,10,8,60
103,HK1,1,Ba Dinh,3,1,4,3,1,3,3,0,12345,3,40,80,1,3,1,1234,1,24,0,0,0,0,0,1,1,0,0,2,20,70,124567,4,1,4,1,1,6,3,3,40,3,1,1,1000000,0,11,10,43
104,HK2,1,Hoan Kiem,4,1,4,3,3,3,3,1,1237,2,45,75,2,3,1,123,1,24,0,0,0,0,0,1,1,0,0,1,20,65,7,6,0,4,1,0,1,0,1,5,20,2,4,,,,7,25
105,HK3,1,Hoan Kiem,4,1,4,3,4,3,3,0,0,2,30,65,1,3,1,34,0,24,1,0,0,0,0,1,2,0,1,2,40,90,12467,4,0,4,0,0,4,2,2,50,1,1,1,150000,1,11,8,51
106,HK4,1,Hoan Kiem,3,1,5,1,3,3,3,1,12347,1,30,70,1,3,2,3,2,24,0,1,0,0,0,1,1,0,0,1,10,60,1457,5,0,4,1,1,3,2,1,15,10,2,4,,,,8,25
107,HK5,1,Hoan Kiem,3,1,4,2,1,3,3,1,1234,1,50,70,1,3,1,234,0,24,0,0,0,0,0,1,1,0,1,1,50,70,123457,6,0,4,1,1,5,2,3,30,50,1,1,10000,0,11,10,80
108,HK6,1,Hoan Kiem,4,1,4,3,4,3,3,1,12346,2,50,80,2,3,2,234,0,2,0,0,1,0,0,1,1,0,0,3,60,90,1247,6,0,1,1,1,5,2,3,,,1,1,10000,1,11,9,0
109,HK7,1,Hoan Kiem,3,1,4,3,3,3,3,1,12345,1,60,80,1,3,1,234,0,2,1,1,1,0,1,1,1,0,1,1,50,80,124,5,0,4,1,1,4,2,2,40,8,1,1,100000,1,11,10,48
110,HK10,1,Hoan Kiem,4,1,3,2,4,3,3,0,0,2,60,90,2,1,3,0,0,2,0,0,0,0,0,1,2,0,1,3,70,95,124567,2,1,2,0,0,3,1,2,15,1,1,1,500000,0,11,8,16
111,HK13,1,Hoan Kiem,2,1,3,3,1,1,2,0,0,4,65,80,2,3,3,0,0,0,0,0,0,0,0,3,2,0,1,3,60,80,14567,6,1,1,1,1,4,2,2,50,50,2,6,,,,9,100
112,HK14,1,Hoan Kiem,4,1,5,1,1,3,3,1,123467,2,30,70,1,3,2,1234,1,2,0,0,0,0,0,2,2,1,1,1,20,70,124567,5,1,2,1,1,1,1,0,5,5,1,1,10000,0,2,5,10
113,HK15,1,Hoan Kiem,4,1,5,1,4,3,3,1,123456,1,30,100,1,1,1,1234,1,24,1,1,1,0,1,1,1,0,1,3,50,100,1,6,0,2,1,1,7,2,5,50,1,1,1,30000,1,11,10,51
114,HK16,1,Hoan Kiem,2,1,4,4,3,3,3,1,34,2,70,70,3,1,1,234,0,4,0,1,0,0,0,1,2,0,1,2,70,70,123457,6,1,4,1,1,2,1,1,10,15,2,4,,,,9,25
115,HK17,1,Hoan Kiem,3,1,4,3,1,3,3,1,1234567,1,25,75,1,3,2,1234,1,24,1,1,1,1,0,1,1,0,1,1,20,80,123456,6,1,1,1,1,2,1,1,30,1,1,1,500000,0,11,9,31
116,HK18,1,Hoan Kiem,4,1,4,3,3,3,3,1,1237,2,40,80,2,3,2,34,0,2,1,1,0,0,0,1,2,1,1,2,50,80,123567,6,1,1,1,1,8,4,4,50,1,1,1,50000,0,11,9,51
117,HK20,1,Hoan Kiem,2,1,3,4,4,1,3,1,1237,3,60,80,2,3,2,34,0,5,1,0,0,0,0,2,2,0,0,4,70,90,1457,5,0,1,1,0,3,1,2,30,1,1,1,100000,0,11,7,31
118,HK21,1,Hoan Kiem,3,1,4,3,4,3,3,1,1234,1,10,80,1,3,1,124,1,24,1,0,1,1,1,1,1,0,1,1,10,90,12467,5,0,4,0,1,5,1,4,15,8,1,1,50000,0,11,9,23
119,HK22,1,Hoan Kiem,3,1,3,3,1,3,3,1,1234567,3,65,75,3,3,3,0,0,24,0,0,1,0,0,2,2,0,0,2,20,50,123456,6,1,5,1,1,2,1,1,15,1,1,1,30000,0,11,10,16
120,HK23,1,Hoan Kiem,4,1,4,3,1,3,3,1,1234,3,50,70,1,1,3,0,0,23,0,1,0,0,1,1,2,0,0,2,30,80,124567,3,0,4,1,1,4,1,3,40,0,1,1,250000,1,11,9,40
121,HK24,1,Hoan Kiem,4,1,4,3,3,3,3,1,1234,2,30,80,1,3,2,1234,1,23,0,0,1,0,0,1,1,0,0,2,40,100,124567,3,1,2,1,1,5,3,2,40,0,2,4,,,,,40
122,HK25,1,Hoan Kiem,4,1,4,3,3,3,3,1,1234,1,20,70,1,3,1,1,1,23,0,0,1,0,0,1,1,0,1,2,40,90,1567,3,1,2,1,1,4,2,2,30,0,1,1,100000,1,11,5,30
123,HK26,1,Hoan Kiem,4,1,4,3,3,3,3,1,1234,2,35,90,1,3,1,13,1,23,0,0,1,0,0,1,1,0,1,1,20,80,125,3,1,2,1,1,3,1,2,40,0,2,4,,,,,40
124,HK27,1,Hoan Kiem,4,1,4,2,2,2,2,1,123,3,45,100,4,1,2,23,1,2,0,0,0,0,0,2,1,0,0,4,80,100,124567,3,1,1,1,1,5,3,2,20,0,1,1,50000,1,11,6,20
125,HK28,1,Hoan Kiem,3,1,3,1,3,3,3,1,2345,1,50,100,1,3,1,1234,1,3,1,1,1,0,0,1,1,1,0,3,20,80,1247,3,1,4,1,1,7,4,3,100,0,1,1,150000,1,11,6,100
126,HK29,1,Hoan Kiem,5,1,4,3,3,3,3,1,2,2,40,80,4,3,1,3,1,235,1,0,1,0,0,1,1,0,0,3,50,90,57,5,0,2,1,1,3,0,3,10,0,6,6,,,,,10
127,HK30,1,Hoan Kiem,3,1,3,4,4,2,2,1,1234,3,50,100,5,3,2,34,1,24,0,0,1,0,0,3,4,0,0,2,40,90,17,6,1,2,1,1,3,2,1,20,0,2,4,,,,,20
128,HK31,1,Hoan Kiem,5,0,5,3,3,3,3,1,234,2,20,90,1,3,1,1234,1,24,0,0,1,0,0,1,2,0,1,1,20,80,124567,3,0,2,1,1,6,4,2,20,0,1,1,50000,1,11,8,20
129,HK32,1,Hoan Kiem,4,1,4,3,4,3,3,1,34,2,30,80,1,2,1,23,1,23,0,0,0,0,0,1,1,0,0,2,50,90,157,2,0,4,0,1,4,1,3,40,0,2,4,,,,,40
130,HK33,1,Hoan Kiem,4,0,5,4,2,3,3,1,1234,2,40,90,1,3,1,14,1,0,0,1,0,1,1,1,1,1,0,2,50,100,1267,3,1,4,1,0,4,2,2,60,0,2,4,,,,,60
131,HK34,1,Hoan Kiem,2,1,4,3,4,3,3,1,123,2,50,80,2,1,3,0,1,4,0,0,0,0,0,2,2,0,0,2,50,90,12357,5,0,1,0,0,3,1,2,8,0,1,1,50000,1,11,4,8
132,HK35,1,Hoan Kiem,3,1,4,3,3,3,3,1,1,2,20,80,1,1,1,1,1,4,0,1,1,0,0,1,1,1,1,2,30,80,1245,2,0,4,0,0,4,2,2,100,0,1,1,>1000000,1,5,5,100
133,HK36,1,Hoan Kiem,4,1,4,4,3,3,3,0,0,2,30,80,2,3,1,34,1,24,0,0,0,0,0,1,1,0,0,2,20,80,247,4,0,3,1,1,6,4,2,60,0,1,1,150000,1,11,6,60
134,HK37,1,Hoan Kiem,3,0,3,3,4,3,3,1,123456,3,30,80,2,1,1,23,1,23,1,0,1,0,0,1,1,0,0,3,40,80,1347,3,0,5,0,1,4,2,2,60,0,1,1,100000,1,11,5,60
135,HK38,1,Hoan Kiem,3,1,4,3,3,3,3,1,134,2,40,80,3,1,2,234,1,34,1,0,1,0,0,1,1,0,1,3,60,80,1457,3,0,4,1,1,3,2,1,30,100,2,4,,,,,130
136,HK39,1,Hoan Kiem,2,1,3,4,4,3,3,1,1234,3,50,100,1,1,2,234,1,25,1,0,1,0,0,2,2,1,0,3,30,80,1257,3,0,4,0,0,10,7,3,80,0,1,1,100000,0,11,7,80
137,HK40,1,Hoan Kiem,4,1,4,3,3,1,1,1,36,3,30,90,5,3,2,1,0,4,0,0,1,0,0,2,2,0,0,2,20,80,27,2,0,2,0,0,6,2,4,60,0,1,1,30000,1,11,7,60
138,HK41,1,Hoan Kiem,5,1,5,4,4,3,3,1,13,1,20,80,1,3,1,12,1,24,0,0,0,0,0,1,1,0,0,3,50,90,25,4,0,2,0,0,4,2,2,60,0,2,6,,,,,60
139,HK42,1,Hoan Kiem,5,1,5,4,4,3,3,1,123,2,20,80,1,3,1,1,1,24,0,0,0,0,0,2,2,0,0,2,30,70,47,5,1,1,1,1,6,3,3,20,0,2,4,,,,,20
140,HK43,1,Hoan Kiem,2,1,3,4,2,1,1,0,0,3,50,90,1,3,2,3,2,4,0,0,0,0,0,2,2,0,1,2,30,70,57,1,0,2,0,0,4,2,2,50,0,8,6,,,,,50
141,HK44,1,Hoan Kiem,2,1,3,4,2,3,3,1,3,2,30,80,2,1,2,1,1,3,0,0,0,0,0,2,2,0,0,3,50,90,2,2,0,1,0,1,7,3,4,50,0,8,6,,,,,50
142,HK45,1,Hoan Kiem,4,1,4,3,3,3,3,1,123,2,30,80,2,3,2,234,1,3,0,0,0,0,0,2,2,0,0,2,20,90,357,2,0,4,0,1,3,2,1,70,0,7,6,,,,,70
143,HK46,1,Hoan Kiem,3,0,3,3,2,1,3,1,56,3,50,70,2,3,2,1,1,4,0,1,0,0,0,2,2,1,1,3,50,70,17,5,0,2,1,1,2,1,1,10,0,1,1,50000,1,10,8,10
144,HK47,1,Hoan Kiem,4,0,5,3,3,3,3,1,134,1,20,50,1,1,1,3,0,123,1,0,1,1,1,1,1,1,1,1,30,80,234,2,1,4,0,1,4,2,2,100,40,1,2,,,,,140
145,HK48,1,Hoan Kiem,4,1,4,3,4,3,3,1,23,2,40,80,2,3,2,234,1,3,0,0,1,0,0,1,1,0,0,2,30,90,2567,3,1,2,1,1,5,3,2,40,0,2,4,,,,,40
146,HK49,1,Hoan Kiem,4,1,4,3,3,3,3,1,123,2,30,90,2,3,2,134,1,3,1,0,0,0,0,2,2,0,0,2,40,80,2567,3,0,2,0,1,4,2,2,40,0,1,1,100000,1,11,7,40
147,HK50,1,Hoan Kiem,4,1,4,3,2,3,3,1,45,2,30,60,2,1,1,0,0,24,0,0,1,0,0,2,2,1,0,2,40,60,2,2,0,4,0,0,5,2,3,,,1,1,30000,1,11,7,0
148,HBT2,1,Hai Ba Trung,4,0,4,3,2,3,3,1,134,2,40,80,2,1,2,34,1,24,0,0,0,0,0,2,1,0,0,2,40,80,124,2,0,4,0,1,3,2,1,20,0,1,1,30000,0,11,10,20
149,HBT3,1,Hai Ba Trung,4,1,5,3,3,3,3,1,134,2,30,70,2,3,2,4,0,24,0,0,0,0,0,2,2,0,1,3,50,80,124,2,1,4,1,1,3,2,1,20,0,1,1,50000,0,11,10,20
150,HBT4,1,Hai Ba Trung,3,1,4,3,4,3,3,1,1234,2,50,80,2,3,1,14,1,4,0,0,1,0,0,2,1,0,1,4,80,90,17,6,1,2,1,1,2,1,1,8,0,1,1,30000,0,11,10,8
151,HBT5,1,Hai Ba Trung,4,0,5,3,2,3,3,1,134,3,30,80,3,3,1,24,0,2,1,0,0,0,0,2,4,0,0,2,50,80,24,6,1,2,1,1,2,1,1,8,0,8,5,,,,10,8
152,HBT6,1,Hai Ba Trung,4,1,4,3,1,3,3,1,3,2,70,90,1,1,1,34,0,24,0,0,1,0,0,1,2,0,1,4,80,90,7,6,0,2,1,1,1,0,1,5,0,1,1,30000,0,3,10,5
153,HBT7,1,Hai Ba Trung,5,0,5,3,4,3,3,1,34,1,20,70,1,1,1,23,1,234,0,1,0,0,0,2,1,0,0,2,20,50,1245,3,0,4,1,1,4,3,1,50,0,,1,30000,1,11,9,50
154,HBT8,1,Hai Ba Trung,3,1,4,3,1,3,3,1,134,3,50,70,2,1,2,4,0,24,1,1,1,0,0,2,1,0,1,2,40,70,157,6,0,4,1,1,6,2,4,30,0,1,1,30000,0,6,8,30
155,HBT9,1,Hai Ba Trung,5,1,4,3,2,3,3,1,4,2,20,60,3,1,2,4,1,24,1,0,0,0,0,3,4,0,0,2,40,70,1,2,1,4,1,1,3,1,2,30,0,1,1,50000,0,5,8,30
156,HBT10,1,Hai Ba Trung,4,0,4,3,2,3,3,1,1234,3,50,100,2,3,2,4,0,3,0,0,0,0,0,2,1,1,1,4,80,100,12456,4,1,2,1,0,4,2,2,15,0,1,1,30000,0,11,10,15
157,HBT11,1,Hai Ba Trung,3,1,3,3,4,3,3,1,134,3,60,80,4,3,3,0,0,0,0,0,0,0,0,3,3,0,0,4,80,100,2,5,0,1,1,0,3,2,1,8,0,5,2,,,,10,8
158,HBT12,1,Hai Ba Trung,5,0,5,3,2,3,3,1,1345,2,20,70,1,1,1,14,0,24,0,0,1,0,0,1,1,0,1,2,40,70,12456,6,0,2,1,1,6,4,2,15,0,1,1,50000,0,11,10,15
159,HBT13,1,Hai Ba Trung,4,0,4,3,1,3,3,1,1234,2,40,100,3,3,2,1,1,0,0,0,0,0,0,2,2,0,1,3,40,100,12,5,1,2,1,1,3,1,2,15,0,1,1,30000,1,11,10,15
160,HBT14,1,Hai Ba Trung,4,1,5,3,4,3,3,1,1345,2,60,80,2,3,1,123,0,4,0,0,0,0,0,1,1,0,1,2,70,90,1256,6,0,4,0,1,7,3,4,15,0,1,1,30000,0,2,8,15
161,HBT15,1,Hai Ba Trung,4,1,4,3,1,2,2,1,134,2,60,80,2,3,2,1,1,24,0,0,0,0,0,3,2,0,0,4,100,100,124,5,0,2,0,1,6,3,3,,,1,1,30000,0,11,10,0
162,HBT16,1,Hai Ba Trung,4,1,4,3,4,3,3,1,1345,2,60,100,2,3,1,3,0,4,0,0,0,0,0,1,2,0,1,3,70,100,124,6,1,2,1,1,7,3,4,15,0,1,1,10000,0,11,10,15
163,HBT17,1,Hai Ba Trung,3,1,4,3,3,3,3,1,123,2,50,80,2,1,2,4,0,4,0,0,1,0,0,1,1,0,0,2,50,80,137,2,1,4,0,1,5,3,2,80,0,2,4,,,,10,80
164,HBT18,1,Hai Ba Trung,4,1,4,3,4,3,3,1,7,1,20,60,1,1,1,1,1,12,0,1,0,1,1,1,1,1,1,3,50,80,124,3,1,2,0,1,5,3,2,30,0,1,1,30000,0,5,10,30
165,HBT19,1,Hai Ba Trung,3,1,3,3,2,3,2,1,134,3,60,80,2,1,4,0,0,3,0,0,0,0,0,2,1,1,0,4,80,90,247,3,1,4,0,1,4,2,2,50,0,1,1,10000,1,3,10,50
166,HBT20,1,Hai Ba Trung,4,1,4,3,4,3,3,1,24,1,30,80,1,3,1,1,0,3,0,0,0,0,0,1,1,0,1,2,50,90,1245,3,0,4,0,0,4,1,3,30,0,1,1,10000,0,2,9,30
167,HBT21,1,Hai Ba Trung,3,1,4,3,2,3,3,1,34,2,30,90,1,1,1,1,0,1,1,0,1,0,0,2,1,0,1,2,30,90,124,5,0,2,0,1,4,1,3,20,0,1,1,30000,0,11,10,20
168,HBT22,1,Hai Ba Trung,4,1,5,3,2,3,3,1,1346,1,20,60,1,3,1,4,1,234,0,0,1,0,0,1,1,0,0,2,10,50,124,6,1,4,1,1,6,3,3,,,1,1,10000,0,11,9,0
169,HBT23,1,Hai Ba Trung,3,1,4,3,2,3,3,1,134,2,50,70,3,1,3,0,0,24,0,0,1,0,0,2,2,0,1,4,70,90,124,6,1,4,1,1,2,1,1,10,0,1,1,30000,0,11,10,10
170,HBT24,1,Hai Ba Trung,4,1,4,3,1,3,3,1,34,2,20,60,2,1,1,34,0,4,0,0,1,0,0,1,1,0,1,2,20,60,124,6,1,2,1,1,4,1,3,30,0,4,5,,,,10,30
171,HBT25,1,Hai Ba Trung,3,1,4,3,4,3,3,1,123,2,50,90,1,1,1,2,0,24,0,0,0,0,0,1,2,0,1,4,70,90,1245,6,0,2,0,1,6,4,2,20,0,1,1,10000,0,11,9,20
172,HBT26,1,Hai Ba Trung,3,1,4,3,1,3,3,1,37,2,50,90,3,1,1,14,1,24,0,0,1,1,1,2,2,0,1,3,70,90,27,4,0,4,0,1,6,1,5,15,0,1,1,50000,0,11,10,15
173,HBT27,1,Hai Ba Trung,4,1,4,3,3,3,3,1,34,2,30,70,2,1,1,14,0,3,1,0,0,0,0,1,2,0,1,2,50,80,67,2,1,5,0,1,4,2,2,15,0,8,6,,,,9,15
174,HBT28,1,Hai Ba Trung,3,1,3,3,2,3,3,1,7,2,50,80,2,3,2,1,1,23,0,0,0,1,1,2,1,0,1,2,40,70,7,3,1,4,1,0,5,4,1,50,0,1,1,100000,0,11,10,50
175,HBT32,1,Hai Ba Trung,4,0,4,3,2,3,3,1,234,2,30,70,2,3,2,4,0,24,0,0,0,0,0,1,2,0,0,3,50,80,124,2,1,4,1,1,3,1,2,15,0,1,1,30000,0,5,10,15
176,HBT53,1,Hai Ba Trung ,3,1,4,3,1,3,3,1,7,2,40,70,2,3,2,1,1,2,0,0,1,0,0,2,1,0,1,3,50,80,127,4,0,2,0,1,4,2,2,30,0,1,1,10000,0,5,10,30
177,HBT54,1,Hai Ba Trung ,2,1,4,3,3,2,2,1,7,1,50,70,2,3,2,2,1,0,1,1,1,0,1,1,1,1,1,1,50,70,7,2,1,3,0,1,1,1,0,15,0,1,1,100000,0,1,10,15
178,HBT56,1,Hai Ba Trung ,5,1,5,3,3,3,3,1,34,1,10,60,2,3,1,2,1,2,1,0,0,0,1,1,2,0,1,2,10,70,2,3,1,5,1,1,7,5,2,50,0,1,1,100000,0,11,10,50
179,HBT58,1,Hai Ba Trung ,3,0,3,3,1,3,3,1,24,3,85,100,3,1,4,0,0,4,0,0,0,0,0,2,4,0,0,4,100,100,1,2,1,2,0,1,5,3,2,70,0,7,6,,,,10,70
180,HBT62,1,Hai Ba Trung ,4,1,4,3,3,2,3,1,1347,2,50,70,1,1,1,1,0,42,0,0,1,0,0,1,1,1,0,2,50,80,257,2,0,4,1,1,2,0,2,20,0,1,1,10000,0,3,8,20
181,HBT65,1,Hai Ba Trung ,3,1,4,3,4,3,3,1,134,2,70,90,2,1,3,0,0,24,0,0,0,0,0,2,1,0,1,3,80,90,124,6,1,2,0,1,6,3,3,15,0,1,1,30000,0,11,10,15
182,HBT66,1,Hai Ba Trung ,4,1,5,3,4,3,3,1,34,2,50,70,2,1,2,4,0,24,0,0,0,0,0,1,2,0,1,2,30,80,147,3,1,3,1,1,6,2,4,15,,1,1,100000,0,7,10,15
183,HBT67,1,Hai Ba Trung ,4,1,4,3,4,1,3,1,134,3,70,90,4,3,4,0,0,0,0,0,0,0,0,1,2,0,0,4,100,100,13,6,0,1,1,1,1,0,1,5,0,1,1,100000,0,2,7,5
184,HBT68,1,Hai Ba Trung ,3,1,4,1,3,3,1,1,134,3,40,70,2,1,2,3,0,24,1,1,1,0,1,2,1,0,1,2,20,70,157,5,0,4,1,1,4,1,3,30,0,1,1,30000,0,5,8,30
185,HBT69,1,Hai Ba Trung,4,0,4,3,4,3,3,1,134,3,70,80,3,3,2,3,0,4,0,0,0,0,0,4,2,0,0,4,60,80,2457,6,1,3,1,1,3,3,0,15,0,1,1,30000,1,5,7,15
186,HBT70,1,Hai Ba Trung,3,1,4,4,4,1,1,1,124,3,100,100,2,3,3,0,0,4,0,0,1,0,0,3,2,0,0,4,80,100,7,5,0,1,1,1,6,4,2,20,0,1,1,10000,1,11,10,20
187,HBT71,1,Hai Ba Trung ,5,0,5,3,2,3,3,1,34,2,30,70,1,1,1,1,1,24,1,1,0,0,1,1,1,0,0,2,0,70,124567,4,1,4,1,1,4,2,2,15,0,1,1,30000,0,5,10,15
188,HBT72,1,Hai Ba Trung ,4,1,4,3,2,3,3,1,34,2,50,80,2,1,2,3,0,23,0,0,0,0,0,1,2,0,1,4,70,100,1,6,1,4,1,1,7,4,3,100,0,1,1,6000,0,11,10,100
189,TH01,0,Tay Ho,5,1,4,3,3,3,3,1,34,1,10,100,2,3,1,123,1,234,0,0,0,0,0,1,2,1,1,2,30,60,245,3,1,4,1,1,5,2,3,40,0,2,4,,,,9,40
190,TH02,0,Tay Ho,2,1,4,4,4,2,3,1,134,4,60,90,2,1,2,1,1,25,0,0,0,0,0,3,1,0,0,3,40,90,25,5,0,2,0,1,6,3,3,60,0,1,1,100000,1,1,8,60
191,TH03,0,Tay Ho,3,1,4,4,4,3,3,1,34,3,60,100,2,1,2,3,2,4,0,0,0,0,0,2,2,0,0,3,60,100,247,3,0,2,0,1,4,2,2,,,2,4,,,,10,0
192,TH04,0,Tay Ho,2,1,4,3,4,2,3,1,34,3,70,100,1,3,3,0,2,4,0,0,0,0,0,2,2,0,0,3,70,100,24,2,1,2,0,0,5,2,3,70,0,1,1,50000,0,11,9,70
193,TH05,0,Tay Ho,3,1,4,3,3,3,3,1,1234,3,50,70,2,1,2,124,1,34,0,0,0,0,0,1,1,0,0,3,60,90,124567,2,0,4,0,1,5,3,2,40,0,1,1,50000,1,11,8,40
194,TH06,0,Tay Ho,2,1,4,4,4,3,3,1,234,3,50,90,1,1,3,0,0,2,0,0,0,0,0,1,2,0,0,1,20,90,2457,5,0,1,0,0,4,1,3,40,0,1,1,100000,1,9,9,40
195,TH07,0,Tay Ho,4,1,3,3,1,1,3,1,1234,1,10,100,2,1,1,12,1,24,0,0,1,0,0,2,1,0,0,1,10,100,123456,5,0,2,1,1,2,0,2,30,0,1,1,100000,0,11,9,30
196,TH08,0,Tay Ho,2,1,3,4,4,3,3,1,234,3,60,80,2,1,2,2,1,34,0,1,0,0,0,2,2,0,0,4,70,90,12467,2,0,4,0,1,5,3,2,30,0,1,1,30000,0,11,8,30
197,TH09,0,Tay Ho,3,1,4,4,4,3,3,1,346,2,40,90,1,3,1,2,2,4,0,0,0,0,0,2,2,0,1,2,40,100,245,4,1,2,1,1,7,4,3,60,0,1,1,50000,1,11,10,60
198,TH10,0,Tay Ho,3,1,4,3,3,3,3,1,1234,3,50,80,1,3,1,4,0,3,0,1,1,0,0,2,2,0,1,3,50,80,1257,6,0,1,0,1,7,4,3,,,1,1,30000,1,5,9,0
199,TH11,0,Tay Ho,4,1,4,4,4,3,3,1,1234,1,20,60,2,2,1,2,1,234,0,0,0,0,0,1,1,0,1,2,30,70,12357,3,1,2,0,1,4,2,2,30,0,1,1,10000,0,11,9,30
200,TH12,0,Tay Ho,3,1,4,4,4,3,3,1,1234,3,50,70,2,3,2,12,1,234,0,0,0,0,0,2,2,0,1,2,40,70,1234,4,1,2,1,0,5,3,2,30,0,1,1,30000,1,11,9,30
201,TH13,0,Tay Ho,3,1,4,4,4,2,3,1,37,2,30,70,2,3,1,34,0,45,0,0,0,0,0,2,3,1,1,1,20,90,123,5,1,2,1,1,4,1,3,15,0,1,1,30000,1,11,9,15
202,TH14,0,Tay Ho,4,1,4,3,4,3,3,1,14,2,30,80,2,3,2,12,1,34,0,0,0,0,0,2,2,0,1,2,40,90,457,4,0,2,0,1,3,1,2,30,0,2,4,,,,8,30
203,TH16,0,Tay Ho,4,1,4,4,4,3,3,1,346,2,40,80,2,3,2,13,0,2,0,0,1,0,0,2,1,0,0,1,10,60,25,4,0,1,0,1,6,2,4,,,2,4,,,,10,0
204,TH17,0,Tay Ho,4,1,4,4,4,3,3,1,13,5,90,100,2,3,2,1,1,4,0,0,0,0,0,2,2,0,0,3,60,90,25,6,1,1,0,1,9,5,4,70,0,1,1,30000,0,11,9,70
205,TH18,0,Tay Ho,2,1,4,3,3,3,3,1,34,2,20,70,2,3,2,1,1,24,0,0,0,0,0,2,2,0,1,3,50,80,34,3,1,4,1,1,4,2,2,30,0,6,6,,,,9,30
206,TH19,0,Tay Ho,3,1,4,4,4,3,3,1,4,2,40,90,2,1,2,3,0,4,0,0,0,0,0,2,2,0,0,2,40,100,25,5,1,2,1,1,4,2,2,30,0,1,1,30000,0,3,9,30
207,TH20,0,Tay Ho,4,1,4,3,4,3,3,1,134,4,70,100,2,3,2,2,1,4,0,0,0,0,0,2,2,0,1,3,50,100,25,3,1,2,1,0,4,1,3,30,0,1,1,5000,1,11,8,30
208,TH21,0,Tay Ho,4,1,4,4,4,3,3,1,12345,3,40,100,1,3,2,13,2,0,0,0,0,0,0,2,2,0,0,3,50,100,257,4,0,1,0,1,5,3,2,30,5,2,4,,,,,35
209,TH22,0,Tay Ho,3,1,4,3,3,3,3,1,134,2,30,80,2,3,2,23,1,34,0,0,0,0,0,2,2,0,1,3,60,80,245,3,1,4,1,1,4,2,2,30,0,1,1,10000,1,3,8,30
210,TH23,0,Tay Ho,2,1,3,4,3,3,3,1,1234,3,50,80,1,1,1,125,1,4,0,0,1,0,0,1,1,0,0,3,60,90,1257,4,0,1,0,1,5,3,2,30,0,1,1,50000,1,11,9,30
211,TH24,0,Tay Ho,3,1,3,3,4,3,3,1,1234,2,40,60,2,3,2,1234,1,342,0,0,0,0,0,1,1,0,1,2,40,60,123457,4,1,1,1,0,5,1,4,40,0,1,1,10000,,11,8,40
212,TH25,0,Tay Ho,2,1,4,3,3,3,3,1,134,2,50,100,2,3,2,234,0,4,0,0,0,0,0,2,2,0,0,3,50,100,245,4,0,1,0,0,4,2,2,20,0,1,1,30000,1,5,9,20
213,TH26,0,Tay Ho,4,1,4,3,4,3,3,1,34,2,30,100,2,1,1,3,0,4,0,1,0,0,0,2,2,0,0,2,40,90,27,4,1,3,1,1,5,2,3,50,0,1,1,50000,0,5,9,50
214,TH27,0,Tay Ho,4,1,4,3,4,3,3,1,346,2,30,100,2,3,2,3,1,342,0,0,0,0,0,2,2,0,1,3,50,100,24,4,0,2,0,1,6,3,3,20,0,1,1,10000,1,11,9,20
215,TH28,0,Tay Ho,2,1,4,3,4,3,3,1,14,4,70,100,2,1,4,0,0,4,0,0,1,0,0,2,1,0,0,3,60,90,25,4,0,1,1,0,2,0,2,10,0,1,1,50000,1,9,9,10
216,TH29,0,Tay Ho,3,1,4,4,4,3,3,1,3,3,50,100,2,3,2,3,2,0,0,0,0,0,0,2,2,0,1,3,50,100,24,4,0,4,0,1,4,2,2,30,0,1,1,30000,0,5,10,30
217,TH30,0,Tay Ho,4,1,4,4,1,3,3,1,14,2,50,90,3,2,2,12,1,342,0,0,0,0,0,1,1,0,1,3,60,90,124,5,1,1,1,1,2,1,1,8,0,1,1,10000,1,11,9,8
218,TH31,0,Tay Ho,2,1,4,4,4,3,3,1,12347,3,50,80,1,1,1,124,1,234,0,0,1,0,0,2,2,0,1,3,50,80,1257,6,0,2,0,1,10,6,4,30,0,1,1,10000,1,11,8,30
219,TH32,0,Tay Ho,5,1,4,3,3,3,3,1,134,2,30,80,1,3,2,24,0,24,0,0,0,0,0,2,2,0,0,3,40,80,257,4,0,2,0,0,5,2,3,30,0,2,4,,,,9,30
220,TH33,0,Tay Ho,3,1,4,3,3,3,3,1,34,3,50,80,1,1,1,12,2,24,0,0,0,0,0,1,1,0,0,4,70,100,125,2,0,3,0,1,6,3,3,40,0,1,1,200000,1,11,7,40
221,TH34,0,Tay Ho,3,1,3,3,2,3,3,1,1234,4,70,90,2,3,2,12,1,24,1,1,0,0,0,2,1,0,1,3,50,80,2467,3,1,5,1,1,6,4,2,30,0,1,1,100000,1,11,9,30
222,TH35,0,Tay Ho,3,1,5,3,3,3,3,1,13,2,30,100,1,3,1,1,1,4,0,0,0,0,1,1,1,0,1,2,50,100,1237,4,0,4,0,1,4,3,1,20,0,2,3,,,,10,20
223,TH36,0,Tay Ho,5,1,5,3,3,3,3,1,2346,1,10,100,1,1,1,123,1,4,0,0,0,0,0,1,1,0,1,2,30,100,25,2,1,4,0,1,4,3,1,30,0,1,1,30000,1,11,10,30
224,TH37,0,Tay Ho,2,1,3,3,3,2,3,1,13,4,90,100,1,1,1,123,0,4,0,0,0,0,0,2,2,0,0,3,60,90,2,4,1,2,1,0,4,3,1,30,0,3,,,,,9,30
225,TH38,0,Tay Ho,3,1,4,3,3,2,3,1,136,2,40,70,1,1,1,3,2,23,0,0,0,0,0,2,2,1,0,2,40,60,14,3,1,4,1,1,6,3,3,100,0,1,1,200000,0,11,,100
226,TH39,0,Tay Ho,2,1,4,3,4,2,2,1,13,4,70,90,1,1,2,3,2,2,0,0,0,0,0,1,2,0,0,3,50,80,25,3,0,2,0,1,4,2,2,30,0,2,4,,,,8,30
227,TH40,0,Tay Ho,4,1,4,3,3,3,3,1,2346,3,50,80,1,3,2,123,1,234,0,1,1,0,0,1,2,0,1,3,40,80,12,5,0,2,1,1,4,3,1,70,0,1,1,200000,0,11,6,70
228,TH41,0,Tay Ho,4,1,4,3,4,3,3,1,3,3,50,80,3,1,2,3,1,34,0,0,0,0,0,3,2,0,1,4,70,90,25,3,0,1,1,0,3,1,2,15,0,3,6,,,,9,15
229,TH42,0,Tay Ho,3,1,4,3,4,3,3,1,34,2,30,80,1,1,2,23,0,0,0,0,0,0,0,2,2,0,0,2,20,80,245,4,1,1,1,1,6,3,3,40,0,1,1,30000,0,3,9,40
230,TH43,0,Tay Ho,2,1,4,3,4,3,3,1,34,4,70,90,3,1,2,34,0,4,0,1,0,0,0,2,2,0,0,3,60,80,13,2,0,3,1,1,3,1,2,20,0,1,1,30000,0,11,9,20
231,TH44,0,Tay Ho,3,1,3,4,4,3,3,1,12345,2,30,50,2,3,2,124,1,234,0,0,0,0,0,1,1,0,1,2,40,70,12456,3,0,2,0,1,4,2,2,20,0,1,1,30000,1,11,8,20
232,TH45,0,Tay Ho,4,1,4,3,4,3,3,1,34,2,20,70,2,3,2,123,1,234,0,0,0,0,0,2,2,0,1,3,40,80,245,2,0,4,0,1,5,1,4,60,0,1,1,10000,1,11,8,60
233,TH46,0,Tay Ho,4,1,4,3,3,3,3,1,234,2,30,100,2,3,1,123,1,24,0,0,0,0,0,1,2,0,1,2,30,90,245,2,0,4,0,1,5,1,4,40,0,1,1,30000,1,11,9,40
234,TH47,0,Tay Ho,4,1,4,3,4,3,3,1,236,2,20,70,2,3,2,23,0,4,0,1,1,0,0,2,2,0,1,3,50,70,25,2,1,3,0,1,3,2,1,30,0,1,1,10000,1,11,8,30
235,TH48,0,Tay Ho,3,1,4,3,4,3,3,1,234,3,60,90,2,1,2,2,1,24,0,0,0,0,0,2,2,1,1,3,60,100,1245,3,1,4,1,1,4,2,2,50,0,3,4,,,,9,50
236,TH49,0,Tay Ho,3,1,4,3,3,3,3,1,34,3,40,90,3,1,2,23,1,3,0,0,0,0,0,2,1,0,1,3,60,80,1245,2,1,4,0,1,6,3,3,50,0,1,1,10000,1,5,8,50
237,TH50,0,Tay Ho,4,1,4,3,3,3,3,1,234,2,30,70,2,1,2,23,1,24,0,0,0,0,0,2,2,0,1,3,50,90,245,2,0,4,0,1,3,1,2,20,0,1,1,10000,1,11,9,20
238,TH51,0,Tay Ho,4,1,4,3,3,3,3,1,23,2,20,90,1,3,1,123,1,234,1,0,0,0,0,1,2,1,1,3,50,80,25,2,0,4,0,1,5,1,4,60,0,1,1,30000,1,5,9,60
239,CG01,0,Cau Giay,4,1,4,3,2,3,3,1,1,1,10,70,3,3,2,4,0,3,0,0,1,0,0,1,1,0,0,1,20,70,7,2,1,2,1,1,1,1,0,10,0,1,1,50000,1,11,8,10
240,CG02,0,Cau Giay,4,1,4,3,3,3,3,1,13,3,60,80,1,3,1,1,1,24,0,0,0,0,0,1,1,1,1,4,70,100,146,3,1,2,1,1,4,2,2,15,0,1,1,50000,,11,9,15
241,CG03,0,Cau Giay,4,0,4,3,3,3,3,1,13,1,20,60,2,3,1,1,1,4,0,1,0,0,0,1,1,0,0,2,40,100,254,2,1,4,1,0,4,2,2,100,0,1,1,5000,,,8,100
242,CG04,0,Cau Giay,3,1,3,3,4,3,3,1,4,3,60,100,3,1,3,0,0,24,1,0,0,0,0,3,2,0,0,3,40,100,14,2,1,4,1,0,2,1,1,20,0,1,1,300000,1,5,7,20
243,CG05,0,Cau Giay,5,1,5,3,4,3,3,1,34,2,30,80,5,1,1,1,1,4,0,0,0,0,0,1,1,0,0,2,40,80,124,2,1,4,0,1,5,3,2,70,0,1,1,1000000,0,11,9,70
244,CG06,0,Cau Giay,4,1,4,3,4,3,3,1,5,3,50,80,2,3,3,0,1,3,0,0,0,1,0,2,1,0,0,1,20,90,157,2,0,3,0,1,2,1,1,8,0,1,1,50000,,2,5,8
245,CG07,0,Cau Giay,4,1,4,3,1,3,3,1,34,2,40,90,2,3,1,123,0,3,1,0,0,0,0,1,1,1,1,2,40,90,14567,4,,4,1,1,4,3,1,50,0,1,4,,,,8,50
246,CG08,0,Cau Giay,4,1,3,3,2,3,3,1,135,3,50,80,2,3,4,0,1,2,0,0,1,0,0,2,2,1,1,3,50,80,1457,5,0,,1,,4,3,1,8,0,1,1,100000,1,11,9,8
247,CG09,0,Cau Giay,5,1,5,3,4,3,3,1,14,3,50,90,2,3,1,4,0,4,0,1,0,0,0,1,1,0,0,3,50,90,245,5,1,1,1,0,2,1,1,8,0,5,2,,,,9,8
248,CG10,0,Cau Giay,3,1,4,3,4,3,3,1,123456,3,30,50,2,3,2,1234,1,2,0,0,1,0,0,2,2,0,1,3,58,85,123456,3,1,4,1,,3,2,1,30,0,5,2,,,,,30
249,CG12,0,Cau Giay,3,1,4,3,3,3,3,1,136,2,40,70,1,3,1,1,0,234,1,1,0,1,1,1,1,1,1,3,50,90,12457,2,1,4,0,,,,,30,0,2,4,,,,,30
250,CG15,0,Cau Giay,3,1,4,3,3,3,3,1,34,2,40,85,2,3,2,1234,1,24,0,0,1,0,0,1,2,0,1,4,70,100,124567,3,1,4,1,1,4,2,2,50,0,1,1,100000,1,11,10,50
251,CG16,0,Cau Giay,4,1,4,3,3,3,3,1,1234,2,40,85,1,3,1,1,1,4,1,0,0,0,0,1,2,1,1,2,40,85,24,3,1,5,0,0,6,2,4,,,1,1,30000,1,11,10,0
252,CG17,0,Cau Giay,3,0,4,3,3,3,3,1,123456,2,30,80,2,1,2,23,1,24,0,0,0,0,0,2,2,0,1,2,40,80,123457,3,1,3,1,1,6,2,4,20,0,1,1,50000,0,10,8,20
253,CG18,0,Cau Giay,3,1,4,3,3,3,3,1,134,2,65,90,1,3,2,123,0,234,0,0,0,0,0,1,1,0,1,3,70,95,1235,3,1,4,1,1,4,2,2,40,0,1,1,30000,0,10,8,40
254,CG20,0,Cau Giay,5,0,5,3,2,3,3,1,123456,1,10,80,1,1,1,3,0,34,0,1,1,1,1,1,1,1,1,1,10,90,15,3,0,4,1,,4,3,1,50,0,1,1,100000,,11,9,50
255,CG21,0,Cau Giay,3,1,4,3,2,3,3,1,123456,4,80,95,2,1,2,4,0,34,0,0,0,0,0,2,1,0,0,4,80,95,127,3,1,4,1,1,4,2,2,30,0,,6,,,,,30
256,CG22,0,Cau Giay,3,0,3,4,4,3,3,1,12345,2,30,60,2,1,2,1,0,0,1,0,0,0,0,2,1,0,0,2,40,80,123456,3,1,5,1,1,8,3,5,100,0,1,1,100000,,11,8,100
257,CG23,0,Cau Giay,3,1,3,3,1,3,3,1,1345,3,50,80,3,3,2,1,0,3,1,1,0,0,0,2,1,0,0,1,0,80,47,3,1,4,1,1,5,2,3,50,0,4,5,,,,,50
258,CG25,0,Cau Giay,4,1,4,3,4,3,3,1,1345,3,60,80,2,3,2,34,0,3,1,0,0,0,0,2,2,0,1,3,50,80,7,3,0,5,0,1,4,2,2,20,0,1,1,50000,0,,,20
259,CG26,0,Cau Giay,3,1,5,3,4,3,3,1,123456,2,40,85,1,3,3,0,1,5,0,1,1,1,0,1,1,1,1,2,40,90,147,2,1,4,0,1,4,2,2,40,0,1,1,50000,1,2,10,40
260,CG27,0,Cau Giay,3,0,4,3,3,3,3,1,1,3,50,80,2,1,2,2,1,0,0,0,0,0,0,2,2,0,0,3,60,80,123456,2,1,4,1,1,4,2,2,30,0,1,6,,,,6,30
261,CG28,0,Cau Giay,4,1,4,4,3,3,3,1,3,2,30,60,2,3,1,4,2,2,0,0,1,0,1,2,3,0,1,2,30,90,2,2,1,4,0,1,1,1,0,10,0,1,1,30000,1,11,8,10
262,CG29,0,Cau Giay,4,0,4,3,4,3,3,1,3,1,10,40,1,3,1,1,1,24,0,0,1,1,0,1,1,0,1,2,30,50,123457,2,0,4,0,1,4,2,2,,,1,1,>1000000,1,11,8,0
263,CG30,0,Cau Giay,4,0,4,3,3,3,3,1,13456,2,40,100,1,3,2,4,2,4,0,0,1,0,0,1,1,1,1,4,80,100,24567,3,1,4,1,1,,,,30,0,5,2,,,,10,30
264,CG31,0,Cau Giay,4,1,4,3,3,3,3,1,34,1,10,100,1,3,1,2,2,3,0,0,1,0,0,1,2,1,1,1,20,100,12457,2,0,4,0,1,4,1,3,30,0,1,1,50000,1,5,8,30
265,CG32,0,Cau Giay,4,1,5,3,3,3,3,1,123456,2,40,80,3,1,2,4,2,3,0,1,0,0,0,1,1,1,1,2,40,90,123456,2,1,4,0,,,,,30,0,5,4,,,,5,30
266,CG33,0,Cau Giay,3,1,5,3,3,3,3,1,123456,2,40,80,1,3,1,234,1,234,0,0,0,0,0,1,2,1,1,3,50,80,14567,2,1,4,0,,3,3,0,10,0,1,1,10000,,10,8,10
267,CG34,0,Cau Giay,4,1,3,3,4,3,3,1,34,2,50,80,4,3,2,23,2,4,0,0,0,0,0,2,2,0,0,3,60,80,145,2,0,4,0,,1,0,1,5,0,1,1,10000,0,10,7,5
268,CG35,0,Cau Giay,3,1,4,3,4,3,3,1,346,2,40,90,2,3,1,23,1,4,0,0,0,0,0,2,2,1,1,3,50,90,145,2,0,4,0,,2,0,2,5,0,1,1,10000,,10,7,5
269,CG36,0,Cau Giay,5,1,5,3,3,3,3,1,123456,2,40,70,1,3,2,1234,1,3,0,0,0,0,0,1,1,1,1,3,55,80,13457,2,0,4,0,,2,0,2,8,0,1,1,10000,0,10,8,8
270,CG37,0,Cau Giay,4,1,4,3,4,3,3,1,234,2,50,80,2,3,1,34,2,4,0,0,0,0,0,2,2,1,1,2,50,80,1457,2,0,4,0,,1,0,1,5,0,1,1,5000,,10,8,5
271,CG38,0,Cau Giay,3,1,4,3,3,3,3,1,12347,2,45,85,1,3,2,234,1,34,0,0,0,0,0,1,1,1,1,3,50,85,123457,2,0,4,0,,1,0,1,3,1,1,1,10000,,10,9,4
272,CG39,0,Cau Giay,3,1,4,3,4,3,3,1,234,2,50,90,1,3,2,23,2,4,0,0,0,0,0,2,2,0,0,3,60,90,1457,2,0,4,0,,2,0,2,8,0,1,1,10000,,10,8,8
273,CG40,0,Cau Giay,3,1,4,3,4,3,3,1,123456,2,30,80,1,3,1,1234,2,24,0,0,0,0,0,1,1,1,1,3,50,80,1457,2,1,4,0,,2,2,0,5,3,1,1,10000,1,10,8,8
274,CG41,0,Cau Giay,4,1,4,3,4,3,3,1,12345,2,40,80,1,3,2,1234,2,34,0,0,0,0,0,1,1,1,1,3,60,80,135,2,0,4,0,,2,0,2,5,3,1,1,5000,1,8,8,8
275,CG42,0,Cau Giay,4,1,4,3,4,3,3,1,345,2,50,85,1,3,1,34,2,234,0,0,0,0,0,2,2,1,1,3,50,90,1245,2,0,4,0,,3,1,2,10,5,1,1,10000,0,10,9,15
276,CG43,0,Cau Giay,3,1,4,3,4,3,3,1,134,2,50,80,2,3,2,34,1,234,1,0,1,0,0,1,2,0,1,3,60,90,1257,4,1,4,1,1,4,2,2,30,0,1,1,30000,0,10,8,30
277,CG44,0,Cau Giay,4,1,4,3,4,3,3,1,2346,2,50,80,2,3,2,23,0,34,0,0,0,0,0,2,2,0,1,3,60,85,1357,3,1,4,1,1,4,2,2,30,0,1,1,30000,,10,8,30
278,NTL99,0,Nam Tu Liem,5,1,4,3,2,3,3,1,12346,3,50,90,1,1,1,1234,2,23,0,0,1,0,0,1,2,1,1,3,50,80,134567,2,1,3,0,1,4,2,2,,,1,1,5000,1,5,8,0
279,NTL98,0,Nam Tu Liem,3,1,3,3,3,3,3,1,123456,3,60,80,4,2,3,0,1,0,0,0,0,0,0,2,1,1,1,2,30,60,123456,2,1,4,1,1,1,1,0,20,0,1,1,100000,1,10,9,20
280,BTL99,0,Bac Tu Liem,3,1,4,3,3,3,3,1,12346,2,30,80,1,3,1,1234,0,45,0,0,0,0,0,1,1,0,0,3,40,60,457,3,0,3,1,1,4,2,2,30,0,1,1,100000,1,11,10,30
281,BTL98,0,Bac Tu Liem,4,1,2,3,1,3,3,1,346,,,,1,3,1,14.00,2,23,0,0,1,0,0,2,1,1,1,,,,1357,3,1,4,1,1,3,1,2,20,0,1,1,200000,1,6,10,20
282,BTL97,0,Bac Tu Liem,4,1,4,2,4,3,3,1,3457,3,50,80,1,3,1,123,1,2,0,0,1,0,0,1,1,0,1,3,50,80,134567,3,0,4,1,1,3,2,1,50,10,1,1,30000,0,10,8,60
283,BTL96,0,Bac Tu Liem,4,1,4,3,3,3,3,1,145,2,40,100,1,3,1,1,1,34,0,1,0,1,0,1,1,0,0,3,50,100,3457,2,1,4,0,0,,,,20,0,1,1,100000,1,2,7,20
284,BTL95,0,Bac Tu Liem,3,1,4,3,4,3,3,1,1,2,50,80,1,1,2,3,0,3,0,0,1,1,0,1,1,1,1,3,60,80,357,2,1,4,0,0,4,2,2,,,1,1,50000,1,11,7,0
285,BTL94,0,Bac Tu Liem,4,1,4,3,4,3,3,1,12345,2,60,90,1,3,1,1234,0,1234,0,0,1,0,1,1,2,0,1,3,70,100,6,2,0,4,1,1,2,0,2,8,0,2,6,,,,8,8
286,LB99,0,Bac Tu Liem,3,1,3,3,2,2,2,1,345,3,50,50,4,3,3,0,0,4,0,0,0,0,0,2,2,1,1,3,50,50,1347,4,1,4,1,1,,,,30,0,1,1,30000,1,5,7,30
287,HD01,0,Ha Dong,4,1,4,4,4,2,2,1,1,2,40,80,3,3,1,12,1,34,0,0,0,0,0,1,1,0,1,4,80,100,134,6,1,1,1,1,5,2,3,30,10,1,1,20000,1,11,8,40
288,HD02,0,Ha Dong,4,1,4,3,3,3,3,1,14,2,30,80,1,1,1,12,1,34,0,0,0,0,0,1,1,1,1,2,70,90,13457,3,1,3,1,1,12,8,4,30,0,1,1,30000,1,11,8,30
289,HD03,0,Ha Dong,3,0,4,3,3,3,3,1,13456,2,40,70,1,3,1,1234,1,34,1,0,0,0,0,1,1,0,0,2,40,70,1,3,0,4,0,1,11,6,5,100,0,1,1,50000,1,11,8,100
290,HD04,0,Ha Dong,4,0,4,3,3,3,3,1,147,3,60,80,2,1,2,1,1,34,0,0,0,0,0,2,2,0,0,3,60,100,1256,2,1,5,1,1,3,2,1,8,0,6,,,,,7,8
291,HD05,0,Ha Dong,3,1,4,3,4,3,3,1,1345,2,50,90,1,1,2,134,1,4,1,0,0,0,0,2,2,0,0,3,60,90,257,2,0,4,1,1,3,1,2,15,0,1,1,100000,0,10,9,15
292,HD06,0,Ha Dong,2,1,4,3,3,3,3,1,134,2,30,100,1,3,1,345,1,24,0,0,1,0,0,1,1,0,1,2,0,100,123,5,1,3,1,1,3,2,1,10,10,6,2,,,,8,20
293,HD07,0,Ha Dong,4,1,5,3,4,3,3,1,1234,1,50,75,2,3,2,1234,1,0,0,1,0,0,0,1,1,0,0,2,50,75,47,4,0,4,1,1,4,2,2,50,0,1,1,100000,0,10,10,50
294,HD08,0,Ha Dong,3,1,4,3,3,3,3,1,45,1,30,85,2,1,2,24,1,3,0,0,1,0,0,1,2,1,1,2,60,90,12457,2,1,4,0,1,5,2,3,,15,1,1,200000,1,11,6,15
295,HD09,0,Ha Dong,3,1,4,3,1,3,3,1,1345,1,30,60,1,3,2,13,1,24,0,1,1,0,1,1,1,0,1,2,50,80,245,2,1,4,0,1,3,2,1,,10,1,4,,,,5,10
296,HD10,0,Ha Dong,4,1,4,3,3,3,3,0,0,2,40,90,1,3,1,123,1,23,0,0,0,0,0,1,1,1,1,2,40,90,1247,4,1,4,1,1,5,3,2,20,1,1,1,10000,1,3,6,21
297,HD11,0,Ha Dong,3,1,3,3,4,3,3,1,5,3,20,100,1,1,1,4,1,3,0,0,1,1,0,1,1,1,1,3,20,100,1247,2,1,2,1,0,8,4,4,30,40,1,1,150000,1,10,7,70
298,HD12,0,Thanh Xuan,3,1,3,3,3,3,3,1,34,2,40,60,2,1,1,3,0,4,0,0,0,0,0,2,2,0,1,4,60,70,124,2,1,2,1,1,2,1,1,30,0,1,1,200000,1,4,8,30
299,HD13,0,Ha Dong,4,1,4,3,1,3,3,1,1346,1,50,75,1,3,1,34,0,24,0,0,0,0,0,2,1,0,0,1,40,75,1237,6,1,2,1,1,3,2,1,8,5,1,1,50000,1,11,8,13
300,HD14,0,Ha Dong,5,1,3,3,4,3,3,1,1234,1,20,90,2,3,1,1234,0,24,0,0,1,0,0,1,1,0,1,1,30,90,1247,5,0,4,0,0,4,2,2,30,10,1,1,50000,1,1,8,40
301,HD15,0,Ha Dong,3,1,4,3,3,3,3,1,1345,1,30,90,2,3,2,1,1,24,0,0,1,0,0,1,2,1,1,2,40,90,147,2,1,4,0,1,4,4,0,,,6,2,,,,8,0
302,HD16,0,Ha Dong,4,1,4,4,4,3,3,1,17,1,0,100,3,3,2,1,1,23,0,0,0,0,0,1,1,1,1,2,40,100,134,6,1,4,1,1,3,1,2,100,0,6,6,,,,8,100
303,HD17,0,Ha Dong,2,1,4,3,3,3,3,1,134,1,20,90,2,1,1,12,1,3,0,0,0,0,0,1,1,1,1,1,20,90,134,5,1,1,0,1,4,2,2,15,0,2,4,,,,8,15
304,HD18,0,Ha Dong,3,1,4,3,4,3,3,1,1346,2,30,90,3,1,2,1,1,34,0,0,0,0,0,1,1,1,1,5,80,100,134567,6,1,2,0,1,4,2,2,60,0,1,1,30000,1,11,8,60
305,HD19,0,Ha Dong,4,1,4,4,4,3,3,1,134,1,0,90,1,3,1,12,1,34,0,0,0,0,0,1,1,0,0,3,60,80,123456,6,0,4,0,1,11,10,1,100,0,1,1,50000,1,11,7,100
306,HD20,0,Ha Dong,3,1,3,3,3,3,3,1,147,2,40,60,2,1,1,2,1,34,1,1,1,0,0,1,1,1,1,3,60,90,1347,3,0,4,1,1,4,3,1,40,0,4,5,,,,8,40
307,HD21,0,Ha Dong,4,1,4,4,4,3,3,1,134,1,0,40,2,1,1,1,1,34,0,0,0,0,0,1,1,0,0,1,20,90,1457,3,1,4,1,0,6,2,4,40,0,2,4,,,,7,40
308,HD22,0,Ha Dong,4,1,4,3,4,3,3,1,13,2,40,90,1,3,1,12,1,34,0,0,0,0,0,1,1,0,0,2,40,90,1347,6,0,4,0,1,5,3,2,50,0,1,1,30000,1,11,7,50
309,HD23,0,Ha Dong,3,1,3,3,3,3,3,1,1346,2,40,100,2,3,2,1234,2,34,1,0,1,0,0,2,2,1,1,3,60,100,13456,3,0,5,0,1,4,3,1,100,0,1,1,50000,1,11,7,100
310,HD24,0,Ha Dong,3,1,3,3,3,1,3,1,134,1,20,90,2,2,2,1,1,34,0,0,0,0,0,1,1,0,0,3,60,90,1345,6,1,1,0,1,3,2,1,30,0,4,,,,,8,30
311,HD25,0,Ha Dong,3,1,3,3,1,3,3,1,1346,3,50,70,1,3,1,1234,1,24,0,1,1,0,0,1,1,0,1,2,40,80,13456,3,1,4,1,0,4,2,2,30,0,1,1,50000,1,11,8,30
312,HD26,0,Ha Dong,3,1,4,3,3,3,3,1,1345,1,0,50,1,3,1,1,1,34,0,0,1,0,0,1,1,0,1,1,20,80,123457,5,1,2,1,0,5,2,3,30,0,2,,,,,8,30
313,HD27,0,Ha Dong,4,1,4,3,1,3,3,1,1346,3,60,80,2,1,1,1234,1,24,0,0,0,0,0,1,1,0,0,4,70,90,12456,4,0,4,1,1,4,2,2,40,0,1,1,200000,0,11,8,40
314,HD28,0,Ha Dong,3,1,5,3,4,3,3,1,1346,3,60,90,2,3,1,12,1,34,0,1,1,0,0,1,1,0,0,3,60,90,1345,5,0,2,0,1,4,2,2,30,,1,1,30000,0,11,8,30
315,HD29,0,Ha Dong,3,1,3,1,4,3,3,1,134,3,60,100,2,1,2,2,1,34,0,0,1,0,0,3,3,0,1,4,70,100,13467,5,0,1,0,1,4,2,2,20,0,1,1,30000,1,11,8,20
316,HD30,0,Ha Dong,4,1,4,3,3,3,3,1,134,2,40,80,1,1,2,13,1,2,0,0,1,0,0,2,3,0,1,3,50,80,1346,6,1,4,0,1,5,2,3,50,0,1,1,50000,1,11,8,50
317,HD31,0,Ha Dong,3,1,5,3,3,3,3,1,134,4,80,100,3,1,1,1,1,34,1,0,0,0,0,1,1,0,0,4,80,100,1346,2,1,4,1,1,3,2,1,30,0,1,1,>1000000,1,11,9,30
318,HD32,0,Ha Dong,3,1,4,3,4,1,1,0,0,3,50,80,3,3,3,0,2,34,0,0,1,0,0,2,2,0,0,2,40,90,36,6,0,2,0,1,5,3,2,40,0,2,4,,,,8,40
319,HD33,0,Ha Dong,3,1,5,3,2,2,3,1,134,3,60,90,2,1,1,1,1,34,0,0,0,0,0,1,1,0,0,2,40,90,13457,3,1,4,1,0,4,2,2,40,0,1,1,50000,1,11,8,40
320,HD34,0,Ha Dong,4,1,5,3,3,3,3,1,134,3,6,90,4,1,2,3,1,34,0,0,0,0,0,1,1,0,0,4,80,100,1346,3,1,4,1,1,3,1,2,40,0,1,1,>1000000,1,11,8,40
321,HD35,0,Ha Dong,5,1,5,4,4,3,3,1,134,1,20,80,1,3,1,12,1,34,0,0,0,0,0,1,1,0,0,3,60,90,12345,6,0,1,0,1,7,3,4,50,0,1,1,50000,1,11,8,50
322,HD36,0,Ha Dong,2,1,3,3,4,2,2,0,0,4,80,100,3,1,1,1,1,3,0,0,0,0,0,2,2,0,0,5,100,100,134567,3,1,4,1,1,3,2,1,40,0,1,1,100000,1,11,8,40
323,HD37,0,Ha Dong,3,1,3,3,4,3,3,1,134,2,40,90,1,1,1,1,,34,0,0,0,0,0,2,2,0,1,2,40,90,134567,2,1,4,1,1,4,3,1,50,0,1,1,50000,1,11,8,50
324,HD38,0,Ha Dong,3,1,4,4,4,3,3,1,134,3,50,80,3,1,2,23,1,24,0,0,1,0,0,2,2,0,0,2,40,80,13467,2,0,4,1,1,3,1,2,30,0,1,1,50000,1,11,8,30
325,HD40,0,Ha Dong,5,1,3,3,3,3,3,1,125,1,30,80,1,3,1,234,0,24,0,0,1,1,0,1,2,0,1,2,40,80,167,5,0,4,0,1,4,2,2,60,0,1,1,100000,1,11,8,60
326,HD41,0,Ha Dong,4,0,4,3,2,3,3,0,0,2,60,90,2,1,2,123,1,24,0,0,1,0,0,1,2,0,0,2,20,90,47,6,1,4,1,1,10,8,2,70,0,1,1,50000,0,11,5,70
327,HD42,0,Ha Dong,3,1,4,3,4,2,3,1,12,3,70,85,2,1,3,0,0,24,0,0,1,0,0,3,2,0,0,4,70,80,12,5,0,2,0,0,8,4,4,,,1,1,10000,0,,6,0
328,HD43,0,Ha Dong,3,0,3,2,4,3,3,0,0,3,70,80,3,3,4,0,0,0,0,0,1,0,0,3,4,0,0,3,80,100,147,6,1,1,0,1,5,2,3,40,0,1,1,50000,0,11,7,40
329,HD44,0,Ha Dong,4,0,4,4,4,3,3,1,13,1,0,100,2,3,2,1234,1,24,0,0,1,0,0,1,1,0,0,3,7,100,12347,6,1,2,1,1,1,1,0,8,0,1,1,10000,1,11,8,8
330,HD45,0,Ha Dong,5,1,5,3,2,3,3,1,1347,2,30,70,2,3,2,1234,1,245,0,0,1,0,0,2,2,1,1,2,20,70,1347,5,1,2,1,1,3,2,1,70,1,1,1,50000,1,11,8,71
331,HD46,0,Ha Dong,4,1,4,3,4,3,3,1,123,2,30,80,2,3,2,234,0,4,0,0,1,0,0,2,2,0,1,3,50,90,1237,4,0,2,0,1,4,2,2,20,1,1,1,30000,1,5,7,21
332,HD47,0,Ha Dong,3,1,3,3,2,3,3,1,123456,1,20,80,1,3,2,134,0,234,0,0,0,0,1,1,1,1,1,3,50,100,123456,3,1,6,1,1,3,1,2,,,1,1,200000,0,11,10,0
333,HD48,0,Ha Dong,3,1,4,3,2,3,3,1,134,3,50,80,3,3,2,3,0,25,1,0,1,0,0,1,1,0,1,3,60,80,134,6,0,4,0,1,6,3,3,100,1,1,1,50000,1,11,7,101
334,HD49,0,Ha Dong,4,1,3,3,2,3,3,1,12345,2,25,80,2,3,2,134,0,23,0,0,1,0,0,2,2,1,1,3,60,80,2467,2,0,4,0,1,5,2,3,,,1,1,50000,1,11,7,0
335,HD50,0,Ha Dong,4,0,4,3,2,3,3,1,345,2,50,80,2,1,1,4,0,234,0,0,1,0,0,1,1,0,1,2,20,80,24567,2,1,4,1,1,4,2,2,40,10,2,4,,,,8,50
336,HD51,0,Ha Dong,3,1,4,3,3,3,3,1,234,2,50,80,1,1,1,1,1,23,0,0,0,0,1,2,2,0,1,3,60,90,13457,2,0,3,1,0,4,1,3,40,0,1,1,200000,1,10,7,40
337,HD52,0,Ha Dong,4,1,4,3,3,3,3,1,134,1,20,70,2,1,2,1,0,2,0,0,1,0,0,2,2,1,1,1,20,60,12347,3,1,5,1,0,3,2,1,20,20,1,1,100000,0,11,7,40
338,HD53,0,Ha Dong,4,1,4,3,3,3,3,1,123456,2,20,90,2,3,2,4,1,3,0,0,1,0,0,1,1,1,1,3,40,90,123456,3,1,4,1,0,4,2,2,30,8,1,1,50000,1,7,8,38
339,HD54,0,Ha Dong,5,0,5,4,4,3,3,1,2345,1,0,100,1,3,1,1234,2,0,0,0,0,0,0,1,1,0,0,1,0,100,12347,3,1,4,1,1,4,1,3,,,2,4,,,,5,0
340,HD55,0,Ha Dong,4,1,4,3,3,3,3,1,1345,1,25,75,4,1,2,1,1,3,0,0,0,0,0,2,1,0,0,2,35,75,157,2,1,2,1,1,3,2,1,50,0,1,1,30000,1,8,9,50
341,NTL29,0,Nam Tu Liem,4,1,4,3,4,3,3,1,7,2,30,70,1,1,1,234,0,12,0,0,1,0,0,1,2,0,0,2,50,70,2456,4,1,2,1,1,6,2,4,50,0,4,6,,,,10,50
342,NTL30,0,Nam Tu Liem,4,1,4,3,4,3,3,1,347,2,30,70,2,3,2,23,0,24,0,0,1,0,0,1,2,0,0,2,40,70,123456,2,0,4,0,1,2,0,2,8,0,1,1,50000,1,11,8,8
343,NTL31,0,Nam Tu Liem,5,0,5,3,4,3,3,1,37,2,40,80,2,3,1,13,0,24,0,0,0,1,0,1,1,0,1,4,60,90,7,3,1,4,1,1,3,2,1,20,0,1,1,200000,1,3,10,20
344,NTL33,0,Nam Tu Liem,4,1,5,3,3,3,3,1,13456,1,30,80,1,3,1,2,1,3,0,0,1,0,0,1,1,0,1,2,30,80,7,2,1,4,1,0,2,2,0,8,0,1,1,50000,0,3,8,8
345,NTL34,0,Nam Tu Liem,3,1,4,3,3,3,3,1,34,1,40,80,2,3,2,34,1,24,0,0,1,1,0,2,1,0,0,2,50,85,145,3,0,4,1,0,5,2,3,100,0,1,1,100000,1,7,8,100
346,NTL35,0,Nam Tu Liem,4,1,4,3,4,3,3,1,34,2,40,80,2,3,2,1234,0,24,0,0,1,0,0,2,2,0,1,2,50,80,12456,2,0,4,0,1,6,2,4,60,0,1,1,50000,0,10,8,60
347,NTL36,0,Nam Tu Liem,5,0,5,4,4,3,3,1,34,1,10,50,3,1,3,0,0,0,0,0,0,0,0,1,2,0,1,3,50,100,12,6,1,2,0,1,2,1,1,3,0,1,1,5000,1,1,9,3
348,NTL37,0,Nam Tu Liem,5,1,4,3,2,3,3,1,4,1,40,70,2,1,1,13,0,2,0,0,1,0,0,2,2,0,0,2,50,80,24,4,1,2,1,1,2,1,1,5,0,2,4,,,,6,5
349,NTL38,0,Nam Tu Liem,4,1,4,3,4,3,3,1,46,2,40,70,2,2,2,4,0,4,0,0,0,0,0,1,2,0,1,2,50,70,12,5,0,3,1,1,4,1,3,20,0,2,4,,,,9,20
350,NTL39,0,Nam Tu Liem,4,1,4,3,2,3,3,1,13,1,20,70,2,3,1,4,0,24,0,0,0,0,0,1,2,0,1,2,40,80,12,6,1,2,1,1,5,2,3,20,0,1,1,10000,0,11,10,20
351,NTL40,0,Nam Tu Liem,4,1,4,3,4,3,3,1,134,2,30,70,2,1,2,4,0,24,0,0,0,0,0,2,3,0,0,2,30,70,124,3,0,4,1,1,5,2,3,30,0,1,1,100000,0,11,9,30
352,NTL41,0,Nam Tu Liem,4,1,4,3,2,3,3,1,346,2,40,80,3,1,2,4,0,24,0,0,0,0,0,2,2,0,0,4,60,80,12,4,1,4,1,1,4,2,2,30,0,1,1,50000,0,11,10,30
353,NTL42,0,Nam Tu Liem,2,1,4,3,2,3,3,1,134,2,35,70,1,1,1,1,0,2,0,0,1,0,0,1,1,0,1,2,40,70,7,6,1,4,1,1,4,2,2,30,0,1,1,100000,0,2,10,30
354,NTL43,0,Nam Tu Liem,3,1,4,4,4,3,3,1,47,2,60,90,2,3,2,234,0,24,0,0,1,0,0,1,1,0,0,2,60,80,123456,2,1,4,0,0,5,2,3,30,0,1,1,100000,0,2,8,30
355,NTL44,0,Nam Tu Liem,3,1,4,2,3,3,3,1,47,2,40,80,2,1,2,3,0,2,0,1,1,1,0,1,1,0,1,2,40,90,256,2,1,2,0,1,3,2,1,30,0,1,1,30000,1,3,10,30
356,NTL45,0,Nam Tu Liem,3,0,3,3,2,3,3,1,34,3,50,90,4,2,4,0,0,2,0,0,0,0,0,4,4,0,0,2,30,70,124,2,1,2,0,1,3,2,1,15,0,1,1,50000,0,11,9,15
357,NTL46,0,Nam Tu Liem,4,1,4,3,4,3,3,1,136,2,70,100,2,1,1,1,1,24,0,0,0,0,0,1,2,0,1,4,70,100,124,6,0,1,1,1,2,0,2,3,0,1,1,30000,0,11,10,3
358,NTL47,0,Nam Tu Liem,3,1,4,3,3,3,3,1,137,2,30,70,2,1,1,12,1,24,0,1,0,0,0,2,1,1,1,4,70,100,12,6,1,2,1,1,9,4,5,40,0,1,1,100000,0,11,10,40
359,NTL48,0,Nam Tu Liem,4,1,4,3,2,3,3,1,34,2,40,80,1,3,2,4,0,24,0,0,0,0,0,1,2,0,1,3,50,90,124,3,1,4,1,1,4,2,2,30,0,1,1,50000,0,5,10,30
360,NTL49,0,Nam Tu Liem,4,1,5,3,3,3,3,1,47,1,10,60,1,1,2,12,1,45,0,1,0,0,1,2,1,0,1,3,30,60,1247,6,0,2,1,1,7,4,3,30,0,2,4,,,,10,30
361,NTL50,0,Nam Tu Liem,3,1,3,3,1,3,3,0,0,2,30,70,2,3,1,234,0,2,0,0,0,0,0,2,2,0,0,,,,67,3,1,,1,0,3,1,2,,,4,6,,,,10,0
362,NTL51,0,Nam Tu Liem,4,1,4,3,4,3,3,1,7,2,40,80,1,3,2,134,1,1234,0,0,0,0,0,2,1,0,0,4,100,100,12456,3,0,4,0,0,4,2,2,40,0,1,1,150000,0,3,10,40
363,NTL52,0,Nam Tu Liem,3,1,4,3,4,3,3,1,235,3,50,80,2,3,2,1,0,0,1,1,1,0,1,2,2,1,0,2,40,70,125,2,0,4,0,1,4,1,3,,,1,1,300000,1,6,8,0
364,NTL55,0,Nam Tu Liem ,4,1,4,3,3,3,3,1,3,2,20,70,1,3,,0,0,4,1,0,0,0,1,1,1,1,0,4,100,100,5,2,1,4,0,1,4,2,2,40,0,1,1,50000,0,2,10,40
365,NTL57,0,Nam Tu Liem ,3,1,3,1,1,3,3,1,7,2,60,100,1,2,1,5,0,0,0,1,1,0,0,1,2,0,1,2,20,100,17,4,1,4,1,1,5,3,2,10,0,1,1,30000,1,1,3,10
366,NTL59,0,Nam Tu Liem ,5,1,4,3,2,2,3,1,24,2,40,90,2,2,1,3,0,4,0,0,0,0,0,1,1,0,1,3,50,90,5,2,0,4,0,1,4,2,2,50,0,1,1,10000,0,3,7,50
367,NTL60,0,Nam Tu Liem ,4,0,4,4,4,3,3,1,7,2,30,100,2,3,1,12,1,2,0,0,1,0,0,1,1,0,1,4,70,90,27,6,0,2,0,1,5,2,3,15,0,1,1,50000,0,2,8,15
368,NTL61,0,Nam Tu Liem ,4,1,4,3,4,3,3,1,134,1,40,80,2,3,2,4,0,23,0,0,0,0,0,1,2,1,1,2,60,80,157246,3,0,4,0,1,4,1,3,20,0,1,1,100000,0,5,8,20
369,NTL63,0,Nam Tu Liem ,5,0,3,3,1,3,3,1,7,2,70,90,1,3,1,23,2,24,0,0,0,0,0,1,2,0,0,2,40,70,123456,6,0,2,0,1,2,1,1,10,0,2,4,,,,,10
370,NTL64,0,Nam Tu Liem ,4,1,4,3,3,3,3,1,1234,2,50,90,3,1,1,34,0,24,0,1,0,0,0,1,1,0,0,4,80,100,123456,2,1,2,1,1,1,0,1,10,0,2,4,,,,8,10
371,NTL73,0,Nam Tu Liem,4,1,4,3,4,3,3,1,134,1,40,90,2,1,2,23,0,23,0,0,0,0,0,1,1,0,1,3,50,90,7,2,1,4,0,1,4,2,2,80,0,1,1,30000,0,3,8,80
372,NTL75 ,0,Nam Tu Liem,5,1,5,3,2,2,2,1,1,1,20,80,2,3,2,3,0,24,1,0,0,0,0,1,2,1,1,3,50,100,17,4,0,4,0,1,4,2,2,60,0,1,1,50000,0,3,10,60
373,NTL76,0,Nam Tu Liem,4,0,5,3,2,3,3,1,34,2,30,70,1,1,1,1,1,24,1,1,0,0,1,1,1,0,0,2,10,70,1257,4,1,4,1,1,4,2,2,15,0,1,1,30000,0,5,10,15
374,NTL78,0,Nam Tu Liem,3,1,4,4,4,1,1,1,12,2,30,80,2,3,3,0,1,4,0,0,1,0,0,3,2,0,0,4,60,80,7,4,1,4,1,1,3,3,0,60,0,1,1,30000,1,5,9,60
375,NTL79,0,Nam Tu Liem,3,1,4,3,3,3,3,1,7,2,60,90,3,3,2,3,0,24,0,0,1,0,0,1,1,0,0,3,70,90,24567,2,0,4,1,1,3,1,2,30,0,1,1,200000,1,5,9,30
376,NTL80,0,Nam Tu Liem ,4,1,4,3,2,3,3,1,12345,1,20,80,1,3,1,23,1,234,1,1,0,1,0,1,1,0,1,2,30,80,12467,2,1,4,1,1,6,3,3,,,1,1,200000,1,10,10,0
377,TX01,0,Thanh Xuan,4,1,4,3,4,3,3,1,2345,2,30,80,2,3,2,134,0,3,0,1,1,1,0,1,1,0,0,2,30,80,12456,2,1,4,0,0,5,2,3,40,40,1,1,100000,0,6,7,40
378,TX02,0,Thanh Xuan,4,,4,4,4,3,3,1,347,1,30,100,2,3,1,1234,1,25,0,0,0,0,0,1,1,0,0,3,50,100,13456,6,0,2,0,1,2,1,1,5,0,1,1,30000,0,2,10,5
379,TX03,0,Thanh Xuan,5,1,4,3,2,3,3,1,4,2,40,80,1,1,1,12,0,3,1,0,0,0,0,1,4,1,1,2,50,80,134567,6,0,3,1,1,2,1,1,8,0,,6,,,,10,8
380,TX04,0,Thanh Xuan,5,0,5,3,3,3,3,1,1347,1,30,80,1,3,1,123,1,35,1,0,1,0,0,1,1,0,0,2,50,80,345,5,0,2,0,1,5,2,3,60,0,1,1,30000,1,11,10,60
381,TX05,0,Thanh Xuan,5,1,5,3,3,3,3,0,0,1,50,70,5,1,1,1234,1,35,0,0,0,0,0,1,1,1,1,3,50,80,17,3,1,4,1,1,4,2,2,20,0,,6,,,,10,20
382,TX06,0,Thanh Xuan,5,0,5,2,2,3,3,1,0,1,10,50,1,1,1,1,1,25,1,0,0,0,0,1,1,0,1,2,30,60,134567,2,0,4,0,1,4,2,2,,40,1,1,500000,0,11,10,40
383,TX07,0,Thanh Xuan,5,0,4,3,2,2,2,1,0,3,50,80,3,1,2,3,0,5,0,0,0,0,0,3,4,0,1,4,80,80,36,2,0,2,0,1,6,4,2,20,0,1,1,50000,0,11,8,20
384,TX08,0,Thanh Xuan,5,1,4,3,2,3,3,1,7,2,0,100,2,3,1,134,1,2,0,0,1,0,1,1,2,0,1,2,0,50,123456,6,1,4,1,1,3,1,2,20,0,1,1,50000,,,10,20
385,TX09,0,Thanh Xuan,5,1,5,3,3,3,3,1,1345,1,50,80,2,1,1,124,1,5,1,0,1,0,0,1,1,0,1,3,60,80,34567,6,1,4,1,1,2,1,1,8,0,1,1,30000,0,11,6,8
386,TX10,0,Thanh Xuan,4,1,4,3,2,2,3,1,34,2,80,80,2,3,1,2,1,15,0,1,1,0,0,1,1,1,1,3,50,80,13456,3,1,4,1,0,4,3,1,,,1,1,50000,1,11,10,0
387,TX11,0,Thanh Xuan,3,0,3,2,3,3,3,1,34,2,70,90,1,3,1,34,0,235,1,1,0,0,0,2,1,0,0,3,70,100,123456,2,0,2,0,0,4,2,2,50,0,1,1,300000,1,5,7,50
388,TX12,0,Thanh Xuan,4,1,4,3,3,3,3,1,234,2,40,80,2,1,2,12,1,12,0,1,1,1,1,1,1,1,0,2,40,70,13456,2,0,4,1,1,5,2,3,40,5,1,1,500000,1,7,9,45
389,TX13,0,Thanh Xuan,3,1,4,3,2,3,3,1,134,2,60,80,1,3,1,134,1,5,0,0,0,0,0,1,1,0,0,,,80,4,5,1,2,1,0,4,3,1,50,0,1,1,50000,1,11,10,50
390,TX14,0,Thanh Xuan,4,1,4,3,2,3,3,1,123456,1,40,80,1,1,1,1234,1,25,0,0,1,0,0,1,1,1,1,2,40,80,134567,6,1,4,1,1,3,2,1,,,1,1,30000,1,11,6,0
391,TX15,0,Thanh Xuan,5,1,4,4,3,3,3,1,134,1,20,50,2,1,1,134,1,25,1,0,0,1,0,1,1,0,0,1,0,50,,3,1,2,0,1,10,5,5,,,1,6,,,,10,0
392,TX16,0,Thanh Xuan,3,0,4,3,3,3,3,1,1345,1,20,50,2,1,1,134,1,5,1,0,0,1,0,1,1,0,1,2,30,80,123456,3,1,4,1,1,4,1,3,,,1,1,100000,1,11,7,0
393,TX17,0,Thanh Xuan,3,0,4,3,2,3,3,1,246,2,40,70,5,3,2,134,1,25,1,1,1,1,0,1,1,0,1,2,50,70,1346,6,1,2,1,1,2,1,1,,,1,1,30000,1,1,5,0
394,TX18,0,Thanh Xuan,5,1,5,3,3,3,3,1,34,1,0,70,1,3,1,1234,1,5,0,0,0,0,0,1,1,0,0,1,0,80,1346,5,1,3,1,1,4,2,2,8,0,1,6,,,,10,8
395,TX19,0,Thanh Xuan,4,1,4,3,4,1,3,1,345,1,30,90,2,3,2,1234,1,25,0,0,1,0,0,2,1,0,0,3,50,90,134567,2,0,3,0,0,5,1,4,8,0,1,1,300000,1,5,10,8
396,TX20,0,Thanh Xuan,4,0,4,3,3,3,3,0,0,2,40,70,1,1,2,1234,0,5,0,0,0,0,0,1,2,0,1,3,50,80,13467,5,0,3,0,1,4,2,2,20,0,1,1,30000,1,11,10,20
397,TX21,0,Thanh Xuan,4,1,4,3,2,3,3,1,123456,2,50,100,2,3,2,1234,1,25,1,0,1,0,0,1,1,0,1,3,70,100,1456,5,0,2,1,1,5,2,3,30,0,1,1,10000,1,11,10,30
398,TX23,0,Thanh Xuan,5,0,4,3,3,3,3,1,134,2,30,70,1,3,1,123,1,25,1,0,0,0,0,1,1,0,1,3,50,100,1567,4,0,4,0,1,5,2,3,40,0,,6,,,,10,40
399,TX24,0,Thanh Xuan,4,1,3,3,4,3,3,1,345,2,20,70,2,3,2,4,0,235,0,0,0,0,0,1,1,1,1,3,40,60,4567,1,0,4,0,1,6,2,4,,,1,1,200000,1,5,7,0
400,TX25,0,Thanh Xuan,4,0,4,3,4,1,3,1,1345,1,30,80,1,1,1,134,1,35,0,0,0,0,0,1,1,0,1,4,50,80,13456,5,0,2,1,,4,2,2,20,0,1,1,50000,1,11,7,20
401,TX26,0,Thanh Xuan,4,1,4,4,2,3,3,1,12345,2,80,100,2,3,1,1234,1,5,0,0,0,0,0,1,1,0,0,2,60,100,12347,3,1,2,1,1,3,2,1,10,0,1,1,50000,1,1,5,10
402,TX27,0,Thanh Xuan,4,1,4,3,2,,,1,4,2,50,100,3,3,1,4,0,2,1,0,1,0,0,1,1,0,1,2,50,100,123456,6,1,4,0,1,6,2,4,,,1,1,,0,11,10,0
403,TX28,0,Thanh Xuan,3,1,5,3,2,3,3,1,123456,1,40,50,2,3,1,3,2,5,0,0,,0,0,1,1,0,0,1,10,50,124567,5,1,4,1,1,9,4,5,,,2,4,,,,,0
404,TX29,0,Thanh Xuan,2,0,2,1,1,1,1,0,0,5,80,80,4,1,3,0,0,0,1,0,0,0,0,3,3,0,0,5,80,90,5,6,1,2,1,1,10,3,7,,,1,5,,,,7,0
405,TX30,0,Thanh Xuan,4,0,4,3,2,3,3,1,12345,2,60,85,2,1,2,1234,1,25,1,1,1,1,0,1,1,0,1,1,50,90,12457,5,0,4,1,1,4,1,3,,,1,1,100000,0,11,10,0
406,TX31,0,Thanh Xuan,3,0,4,3,1,3,3,1,34,2,40,100,3,3,2,4,0,5,1,0,0,0,0,2,3,0,1,2,40,100,1245,2,1,4,1,1,3,2,1,,,1,4,,,,10,0
407,TX32,0,Thanh Xuan,4,1,3,3,3,3,3,1,123456,1,40,60,1,1,1,1234,1,5,1,1,1,0,0,1,1,1,1,2,40,70,12457,6,1,4,1,1,4,2,2,,,1,1,30000,1,3,8,0
408,TX33,0,Thanh Xuan,4,1,4,3,2,3,3,1,134,2,30,100,1,3,1,1234,1,235,1,0,1,0,0,1,1,0,0,4,50,100,24,6,0,4,1,1,6,2,4,8,0,1,2,,,,5,8
409,TX34,0,Thanh Xuan,4,0,4,3,3,3,3,1,2345,1,10,70,1,3,2,1234,1,25,0,0,0,0,0,1,2,0,1,2,40,80,124567,2,0,4,0,0,6,4,2,,,1,1,100000,0,5,8,0
410,TX35,0,Thanh Xuan,4,1,4,3,4,3,3,1,12347,2,60,80,2,3,1,1234,1,25,0,0,0,0,0,1,2,1,1,2,80,,123457,5,1,1,1,1,6,2,4,,,1,1,50000,0,11,10,0
411,TX36,0,Thanh Xuan,3,1,3,4,3,3,3,1,123456,1,30,60,1,3,2,1234,1,23,1,1,0,1,1,1,1,0,0,3,50,80,1247,2,0,4,0,1,3,2,1,,,1,4,,,,10,0
412,TX37,0,Thanh Xuan,4,,4,3,4,,,1,234,3,60,100,2,3,1,14,2,25,0,0,0,0,0,1,1,0,0,2,,100,12457,3,0,4,1,1,4,2,2,,,1,1,10000,1,1,10,0
413,TX38,0,Thanh Xuan,4,1,4,3,2,3,3,1,23457,1,0,50,2,3,1,1234,1,2,0,0,1,0,0,1,1,0,1,2,40,50,7,6,1,2,0,1,4,3,1,,,1,4,,,,,0
414,TX39,0,Thanh Xuan,5,1,5,3,4,3,3,1,123456,1,0,50,1,3,1,4,0,25,1,0,1,1,0,1,1,0,0,2,50,80,124567,3,0,2,0,1,5,3,2,,,1,4,,,,,0
415,TX40,0,Thanh Xuan,2,1,2,1,1,1,2,1,12345,3,60,90,3,3,2,34,0,35,0,0,0,0,0,2,2,0,0,3,60,90,123456,6,1,2,1,0,4,2,2,,,1,1,100000,0,11,6,0
416,TX41,0,Thanh Xuan,3,1,5,3,3,1,1,1,134,2,70,100,1,3,2,1234,,23,1,1,,1,1,1,1,0,1,4,70,100,1247,4,1,3,1,1,1,1,0,5,0,1,5,,,,10,5
417,TX42,0,Thanh Xuan,4,0,4,3,1,3,3,1,2345,2,0,100,2,3,2,1234,1,2,0,0,1,0,0,1,2,0,1,2,60,100,12457,4,1,4,1,1,5,2,3,60,0,1,5,,,,10,60
418,TX43,0,Thanh Xuan,4,1,5,3,2,3,3,1,134,1,30,70,1,3,1,1234,1,25,1,1,1,0,0,1,1,1,1,2,0,70,124567,6,0,1,0,1,14,7,7,,,1,1,50000,0,11,6,0
419,TX44,0,Thanh Xuan,4,1,4,3,2,3,3,1,23456,2,50,70,1,3,2,1234,1,235,0,0,1,0,0,1,1,1,1,4,50,70,14567,5,0,1,0,1,2,1,1,5,0,1,1,10000,1,11,10,5
420,TX48,0,Thanh Xuan,4,1,3,3,3,3,3,1,135,2,40,80,3,1,3,0,0,3,1,0,0,0,0,2,2,0,1,2,40,80,1257,2,1,4,1,0,1,1,0,20,0,1,1,500000,1,11,10,20
421,TX49,0,Thanh Xuan,5,1,5,3,4,3,3,1,3,,30,60,5,3,2,4,0,23,0,1,0,0,0,1,1,0,0,,,,124,3,0,5,1,0,4,2,2,,,4,6,,,,9,0
422,TX50,0,Thanh Xuan,4,0,4,4,4,3,3,1,345,2,60,90,2,3,2,4,0,235,1,0,1,0,0,1,2,0,0,3,50,80,12457,2,0,4,0,1,4,2,2,,,1,1,200000,1,11,8,0
423,TX52,0,Thanh Xuan,4,1,4,3,2,3,3,1,123456,2,50,75,2,3,2,1234,0,235,1,1,1,0,0,2,2,0,0,2,40,85,124567,4,0,2,1,1,5,2,3,15,0,1,1,200000,1,1,7,15
424,HM01,0,Hoang Mai,5,1,4,3,3,3,3,1,12346,1,0,80,1,3,2,1234,1,25,0,1,1,0,0,1,1,0,0,4,50,80,123456,5,1,1,1,0,4,1,3,10,0,1,3,,,,5,10
425,HM02,0,Hoang Mai,3,1,4,3,2,3,3,1,1345,1,40,75,1,3,2,4,1,235,0,0,1,0,0,2,2,0,0,3,50,70,24567,2,1,4,1,1,4,2,2,,,1,1,50000,1,11,6,0
426,HM03,0,Hoang Mai,5,1,4,3,3,3,3,1,7,1,0,75,2,1,2,23,,25,1,1,0,1,1,2,2,1,0,1,10,85,57,6,1,1,1,1,5,1,4,,8,4,4,,,,,8
427,HM04,0,Hoang Mai,5,1,4,3,3,3,3,1,1234,2,40,75,2,3,2,4,0,235,0,0,1,0,0,1,3,0,0,2,40,85,12457,6,1,1,1,1,2,1,1,3,0,1,1,10000,0,11,10,3
428,HM05,0,Hoang Mai,5,1,5,3,4,3,3,1,12345,2,50,80,2,3,2,3,1,2,1,1,1,0,0,3,2,0,0,2,50,100,1245,5,1,2,1,0,6,3,3,15,0,1,4,,,,,15
429,HM06,0,Hoang Mai,4,1,4,3,2,3,3,1,1234,1,50,80,2,3,1,1234,1,25,0,1,1,0,0,1,1,0,0,2,50,80,1457,5,1,1,1,0,3,2,1,,,1,1,30000,0,11,5,0
430,HM07,0,Hoang Mai,4,1,4,3,4,3,3,1,1234,2,60,80,2,3,1,1234,1,25,0,0,0,0,0,2,1,0,1,4,40,90,1257,4,1,2,1,0,3,2,1,,,1,6,,,,10,0
431,HM08,0,Hoang Mai,3,1,3,3,4,3,3,1,123456,3,50,70,2,3,1,1234,0,25,1,0,1,0,0,2,2,0,0,2,30,50,123456,3,1,3,1,0,4,2,2,20,0,1,1,100000,1,11,10,20
432,HM09,0,Hoang Mai,3,1,4,3,1,3,3,1,123456,2,60,80,2,1,1,0,0,5,1,0,0,0,0,3,4,0,1,2,60,80,123456,6,0,2,0,0,5,3,2,60,0,1,1,150000,1,11,10,60
433,HM10,0,Hoang Mai,3,1,4,3,1,2,3,1,3456,2,60,80,3,4,2,0,0,35,0,1,0,0,0,2,2,0,1,2,60,70,12456,6,1,4,0,1,3,2,1,30,0,1,1,30000,1,11,10,30
434,HM11,0,Hoang Mai,4,1,4,3,4,3,3,1,123456,2,40,100,1,3,2,1234,1,25,0,0,0,0,0,2,1,0,0,2,40,100,123456,6,0,1,0,1,2,1,1,8,0,1,6,,,,10,8
435,HM12,0,Hoang Mai,2,1,2,1,2,3,3,1,1234,4,60,80,2,2,4,0,0,235,0,0,1,0,0,1,1,0,0,4,70,70,12456,4,1,1,0,1,5,2,3,15,0,1,1,50000,1,10,6,15
436,HM13,0,Hoang Mai,4,0,4,3,3,3,3,1,1347,1,50,80,1,1,1,124,1,25,0,0,1,0,0,1,1,0,1,4,60,80,12456,6,0,2,1,1,10,5,5,,,4,6,,,,,0
437,HM14,0,Hoang Mai,4,1,4,3,3,3,3,1,13456,2,10,70,1,3,1,12,0,5,0,1,0,0,0,1,1,0,1,3,20,80,456,3,1,1,0,0,5,2,3,,,,6,,,,7,0
438,HM15,0,Hoang Mai,5,1,5,3,2,3,3,1,34,1,30,80,2,3,1,4,1,5,1,1,1,0,1,1,1,1,1,1,10,80,134,2,1,4,0,1,4,2,2,50,0,,3,,,,10,50
439,HM17,0,Hoang Mai,5,1,5,3,2,3,3,1,123456,,50,75,4,3,1,12,1,2,1,1,1,0,0,2,1,0,0,,30,70,12456,5,0,3,1,1,2,1,1,8,0,1,1,10000,0,11,10,8
440,HM18,0,Hoang Mai,4,1,5,3,2,3,3,1,3456,1,30,70,1,3,1,1234,1,25,1,0,1,0,0,2,2,1,1,1,30,70,1245,3,1,4,1,1,4,2,2,20,0,4,6,,,,,20
441,HM19,0,Hoang Mai,5,1,4,3,1,3,3,1,123456,1,0,75,1,3,2,1345,1,23,0,0,1,0,0,1,1,0,1,1,0,85,24567,6,0,3,1,1,5,2,3,20,0,1,4,,,,,20
442,HM20,0,Hoang Mai,3,1,3,2,4,3,3,1,12346,3,60,80,2,3,2,45,0,235,0,0,0,0,0,2,2,0,1,4,60,80,4567,6,0,1,1,0,6,2,4,8,0,1,1,10000,0,10,3,8
443,HM21,0,Hoang Mai,4,1,5,3,3,3,3,1,12346,2,40,80,2,3,1,1234,1,5,0,0,1,0,0,2,1,0,1,2,20,80,12347,6,1,4,1,1,2,1,1,8,0,1,1,5000,0,1,10,8
444,HM22,0,Hoang Mai,4,1,4,3,3,3,3,1,12346,1,50,100,1,3,1,1,1,235,0,0,1,1,0,2,2,1,1,3,70,100,2457,2,0,2,0,,3,1,2,,,1,1,150000,1,11,8,0
445,HM23,0,Hoang Mai,3,1,4,3,2,3,3,1,134,2,60,80,2,3,2,34,0,235,0,0,1,0,0,2,1,0,1,4,50,80,12456,6,1,2,0,1,5,3,2,,,1,1,100000,0,11,8,0
446,HM24,0,Hoang Mai,3,1,3,3,2,3,3,1,1345,2,30,60,2,3,2,13,1,25,0,1,1,0,0,1,1,0,1,2,40,80,123456,6,1,4,1,1,5,2,3,,,1,1,10000,1,3,6,0
447,HM25,0,Hoang Mai,3,1,4,3,2,3,3,1,1,2,50,80,2,1,3,0,1,25,0,1,1,0,0,1,1,0,1,3,50,80,12456,6,1,2,1,1,4,2,2,,,1,1,30000,1,11,10,0
448,HM26,0,Hoang Mai,4,0,4,3,4,3,3,1,134,1,30,80,2,3,2,1234,1,25,0,0,1,0,0,2,1,0,0,2,60,90,12456,5,1,1,1,1,6,3,3,,,1,1,30000,1,2,10,0
449,HM27,0,Hoang Mai,4,1,4,3,3,3,3,1,137,2,30,70,2,3,2,1234,1,5,1,1,0,0,0,2,2,0,1,2,50,70,1245,3,0,4,1,1,3,1,2,,,2,4,,,,8,0
450,HM28,0,Hoang Mai,4,1,4,3,4,3,3,1,134,2,70,100,2,3,1,1234,1,5,0,0,0,0,0,1,1,0,0,3,70,100,7,4,1,1,1,0,4,2,2,,,1,6,,,,,0
451,HM29,0,Hoang Mai,4,1,4,2,4,3,3,1,157,2,30,60,2,1,1,34,0,5,0,0,0,0,0,1,1,0,1,3,30,60,1245,6,1,2,1,1,5,2,3,,,1,4,,,,8,0
452,HM30,0,Hoang Mai,3,1,3,3,4,2,3,1,157,3,70,90,2,3,1,4,0,5,1,0,0,0,0,2,2,1,1,3,,,147,3,0,3,0,1,4,1,3,20,0,4,2,,,,,20
453,HM31,0,Hoang Mai,5,0,5,3,4,3,3,1,1234,1,50,70,2,1,1,1234,1,2,0,0,1,0,0,2,1,0,1,2,30,80,1245,6,1,2,1,1,7,5,2,,,,6,,,,,0
454,HM32,0,Hoang Mai,5,0,4,3,2,3,3,1,345,1,30,80,2,1,1,3,2,2,0,0,1,0,0,1,1,0,0,2,20,90,14567,3,1,5,0,1,5,3,2,30,0,1,4,,,,10,30
455,HM33,0,Hoang Mai,3,,4,3,4,3,3,1,12345,3,70,90,2,4,2,35,0,5,0,0,0,0,0,2,2,1,1,2,50,80,457,2,0,3,1,1,3,2,1,,,5,5,,,,,0
456,HM34,0,Hoang Mai,3,1,3,3,1,3,3,1,12345,3,50,100,3,4,3,0,0,2,0,0,1,0,0,2,2,0,0,3,50,100,1457,5,1,2,1,1,3,1,2,,,2,4,,,,,0
457,HM35,0,Hoang Mai,5,,3,4,4,3,,1,3,2,50,100,2,1,1,13,2,0,0,0,0,0,0,1,4,0,0,1,20,100,7,2,1,,0,1,5,5,0,,,,6,,,,,0
458,HM36,0,Hoang Mai,4,,4,4,3,3,3,1,1347,1,20,60,2,3,1,1234,1,25,1,0,1,0,0,1,3,0,1,2,20,60,1245,5,1,2,1,1,7,3,4,,,1,4,,,,8,0
459,HM37,0,Hoang Mai,5,0,5,2,2,3,3,1,134,1,20,80,2,3,1,1234,1,5,0,0,1,0,0,1,1,0,1,2,20,80,1245,6,0,2,1,1,3,2,1,,,1,1,50000,1,11,9,0
460,HM38,0,Hoang Mai,4,,4,3,1,3,3,1,134,1,60,80,2,3,1,134,1,25,0,0,1,0,0,1,1,0,1,4,80,80,1245,6,0,2,1,1,3,2,1,,,1,5,,,,6,0
461,HM39,0,Hoang Mai,5,,4,2,2,3,3,1,134,1,20,90,1,3,1,1234,1,235,1,1,1,0,0,1,1,1,1,4,95,95,1245,4,0,2,0,0,3,2,1,,,1,1,100000,0,1,9,0
462,HM40,0,Hoang Mai,3,1,4,3,2,3,3,1,35,2,20,80,2,3,2,1,0,3,0,0,0,0,0,1,1,1,1,2,30,80,27,3,1,4,0,1,4,3,1,8,0,1,1,50000,0,1,8,8
463,HM41,0,Hoang Mai,4,1,4,3,3,1,3,1,34,3,55,100,2,3,1,1,1,2,0,0,0,0,0,2,2,0,0,1,0,100,,4,1,2,1,1,3,1,2,15,0,1,1,100000,1,11,,15
464,HM42,0,Hoang Mai,4,1,4,3,3,3,3,1,134,1,30,80,1,3,1,1234,1,235,1,1,1,1,0,2,2,0,0,4,50,70,1247,6,0,4,1,1,10,7,3,,,1,1,50000,1,11,5,0
465,HM43,0,Hoang Mai,4,1,4,3,4,3,3,1,12346,1,30,70,1,3,1,1234,1,25,1,0,1,0,0,1,1,0,1,1,40,80,123456,5,0,1,1,0,3,1,2,,,1,1,50000,1,11,5,0
466,HM44,0,Hoang Mai,4,1,4,3,4,3,3,1,1347,1,20,90,1,3,2,12,1,25,0,1,1,0,0,1,1,0,1,4,50,90,1245,6,0,1,0,0,5,1,4,20,0,1,1,10000,0,,10,20
467,HM45,0,Hoang Mai,3,,4,3,1,3,3,1,1346,2,40,80,1,3,1,12345,1,25,0,0,0,0,0,1,1,0,1,2,30,100,1245,6,0,4,1,1,4,2,2,,,1,5,,,,,0
468,HM46,0,Hoang Mai,3,1,4,3,2,2,2,0,0,2,60,80,5,1,1,1234,0,0,0,0,0,0,0,1,1,1,1,3,70,90,1245,2,1,5,0,1,2,2,0,,,5,2,,,,,0
469,HM47,0,Hoang Mai,3,1,4,3,2,3,3,1,12345,3,70,80,2,3,2,1234,0,25,0,1,1,0,0,2,2,0,0,3,70,95,23456,6,1,2,0,1,4,3,1,40,0,1,1,100000,1,11,8,40
470,HM48,0,Hoang Mai,3,1,4,3,1,3,3,1,1234567,3,60,80,3,3,2,4,1,25,0,0,0,0,0,2,2,0,1,3,80,100,123456,4,1,2,1,1,4,2,2,,,1,1,10000,1,5,8,0
471,HM49,0,Hoang Mai,2,0,4,3,4,3,3,1,1234,2,,80,2,3,2,34,0,5,0,0,0,0,0,2,2,0,0,,,,1457,6,1,,1,1,6,4,2,,,7,4,,,,,0
472,HM50,0,Hoang Mai,2,1,4,3,4,3,3,1,123456,2,60,85,2,3,2,134,1,25,0,0,1,0,0,2,2,0,1,2,60,90,12456,6,0,2,0,1,5,3,2,15,0,1,6,,,,,15
473,HM51,0,Hoang Mai,3,1,4,3,3,3,3,1,1347,2,50,80,2,3,1,124,,5,0,0,0,0,0,1,1,0,1,2,30,100,123456,6,1,2,1,1,2,1,1,,,4,6,,,,7,0
474,HM52,0,Hoang Mai,3,1,5,3,3,3,3,1,123456,1,10,50,1,3,2,1234,2,5,1,0,1,0,0,1,2,0,1,2,40,80,14567,2,0,4,0,1,3,1,2,,,1,1,200000,1,11,8,0
475,HM53,0,Hoang Mai,4,0,5,3,3,2,2,1,123457,2,50,100,2,1,2,1234,0,235,0,0,1,0,0,2,2,0,0,2,50,100,123456,5,1,1,1,1,3,1,2,,,1,6,,,,7,0